Timestamp,EventType,User,Severity,Message,RiskScore,Day,Hour,Anomaly,AnomalyLabel
2024-09-16 18:16:51.772849,Error,admin,High,Server timeout,3,16,18,1,Normal
2024-09-16 18:27:51.772849,Access,admin,High,Unauthorized access attempt,3,16,18,1,Normal
2024-09-16 19:05:51.772849,Access,john_doe,Low,File deleted,1,16,19,1,Normal
2024-09-16 19:40:51.772849,Access,admin,Low,Successful login,1,16,19,1,Normal
2024-09-16 20:11:51.772849,Error,guest,Low,File uploaded,1,16,20,1,Normal
2024-09-16 20:45:51.772849,Access,guest,Low,Viewed public document,1,16,20,1,Normal
2024-09-16 21:22:51.772849,Login,system,Low,Multiple failed logins detected,1,16,21,1,Normal
2024-09-16 21:42:51.772849,Login,system,Medium,Failed login attempt,2,16,21,1,Normal
2024-09-16 23:53:51.772849,Login,system,Low,Accessed confidential file,1,16,23,1,Normal
2024-09-17 00:16:51.772849,Error,guest,Medium,Failed login attempt,2,17,0,1,Normal
2024-09-17 00:55:51.772849,Access,jane_doe,Low,Successful login,1,17,0,1,Normal
2024-09-17 01:41:51.772849,Access,system,High,Successful login,3,17,1,1,Normal
2024-09-17 02:22:51.772849,Access,jane_doe,Medium,File deleted,2,17,2,1,Normal
2024-09-17 04:00:51.772849,Access,system,High,Accessed confidential file,3,17,4,1,Normal
2024-09-17 04:23:51.772849,Login,jane_doe,Medium,System reboot,2,17,4,1,Normal
2024-09-17 04:55:51.772849,Error,jane_doe,High,Failed login attempt,3,17,4,1,Normal
2024-09-17 06:22:51.772849,Login,admin,High,Accessed confidential file,3,17,6,1,Normal
2024-09-17 07:13:51.772849,Access,admin,High,Multiple failed logins detected,3,17,7,1,Normal
2024-09-17 07:39:51.772849,Login,jane_doe,Low,File deleted,1,17,7,1,Normal
2024-09-17 09:17:51.772849,Login,guest,Low,Accessed confidential file,1,17,9,1,Normal
2024-09-17 09:57:51.772849,Access,admin,High,Successful login,3,17,9,1,Normal
2024-09-17 12:40:51.772849,Access,jane_doe,Low,Failed login attempt,1,17,12,1,Normal
2024-09-17 15:00:51.772849,Error,john_doe,High,Unauthorized access attempt,3,17,15,1,Normal
2024-09-17 15:06:51.772849,Access,system,Medium,Accessed confidential file,2,17,15,1,Normal
2024-09-17 15:10:51.772849,Access,guest,Medium,Viewed public document,2,17,15,1,Normal
2024-09-17 16:05:51.772849,Access,john_doe,Medium,Successful login,2,17,16,1,Normal
2024-09-17 16:29:51.772849,Login,system,High,Viewed public document,3,17,16,1,Normal
2024-09-17 16:48:51.772849,Error,jane_doe,Low,Server timeout,1,17,16,1,Normal
2024-09-17 19:40:51.772849,Access,guest,Medium,Server timeout,2,17,19,1,Normal
2024-09-17 20:30:51.772849,Login,admin,High,Accessed confidential file,3,17,20,1,Normal
2024-09-17 20:54:51.772849,Error,john_doe,Medium,Server timeout,2,17,20,1,Normal
2024-09-17 21:09:51.772849,Error,jane_doe,Medium,System reboot,2,17,21,1,Normal
2024-09-17 21:52:51.772849,Access,system,High,System reboot,3,17,21,1,Normal
2024-09-17 22:05:51.772849,Access,admin,Medium,Viewed public document,2,17,22,1,Normal
2024-09-17 22:49:51.772849,Error,john_doe,Low,Multiple failed logins detected,1,17,22,1,Normal
2024-09-17 23:17:51.772849,Error,jane_doe,High,File deleted,3,17,23,1,Normal
2024-09-17 23:26:51.772849,Login,guest,High,Failed login attempt,3,17,23,1,Normal
2024-09-17 23:58:51.772849,Access,john_doe,Medium,System reboot,2,17,23,1,Normal
2024-09-18 01:10:51.772849,Login,admin,Medium,File uploaded,2,18,1,1,Normal
2024-09-18 01:32:51.772849,Error,admin,High,Successful login,3,18,1,1,Normal
2024-09-18 02:22:51.772849,Login,jane_doe,Low,Viewed public document,1,18,2,1,Normal
2024-09-18 03:43:51.772849,Error,system,Low,Accessed confidential file,1,18,3,1,Normal
2024-09-18 04:08:51.772849,Error,jane_doe,Low,File uploaded,1,18,4,1,Normal
2024-09-18 04:32:51.772849,Login,admin,Medium,Multiple failed logins detected,2,18,4,1,Normal
2024-09-18 04:53:51.772849,Error,admin,Low,Viewed public document,1,18,4,1,Normal
2024-09-18 05:29:51.772849,Error,admin,Low,File uploaded,1,18,5,1,Normal
2024-09-18 09:11:51.772849,Login,guest,High,Multiple failed logins detected,3,18,9,1,Normal
2024-09-18 09:54:51.772849,Access,jane_doe,High,System reboot,3,18,9,1,Normal
2024-09-18 11:37:51.772849,Error,admin,High,Viewed public document,3,18,11,1,Normal
2024-09-18 12:07:51.772849,Access,jane_doe,Low,System reboot,1,18,12,1,Normal
2024-09-18 13:14:51.772849,Login,system,Medium,Unauthorized access attempt,2,18,13,1,Normal
2024-09-18 13:22:51.772849,Login,john_doe,Medium,Accessed confidential file,2,18,13,1,Normal
2024-09-18 13:24:51.772849,Access,guest,Low,System reboot,1,18,13,1,Normal
2024-09-18 13:46:51.772849,Error,guest,Medium,Multiple failed logins detected,2,18,13,1,Normal
2024-09-18 13:48:51.772849,Login,guest,High,Successful login,3,18,13,1,Normal
2024-09-18 14:41:51.772849,Access,system,High,Viewed public document,3,18,14,1,Normal
2024-09-18 15:31:51.772849,Access,john_doe,High,File uploaded,3,18,15,1,Normal
2024-09-18 17:17:51.772849,Login,guest,Low,Failed login attempt,1,18,17,1,Normal
2024-09-18 17:59:51.772849,Access,system,Low,Multiple failed logins detected,1,18,17,1,Normal
2024-09-18 18:18:51.772849,Error,admin,Low,Multiple failed logins detected,1,18,18,1,Normal
2024-09-18 19:32:51.772849,Login,john_doe,Medium,Successful login,2,18,19,1,Normal
2024-09-18 19:53:51.772849,Error,guest,High,System reboot,3,18,19,1,Normal
2024-09-18 20:18:51.772849,Login,guest,Low,Successful login,1,18,20,1,Normal
2024-09-18 21:17:51.772849,Access,admin,Medium,Multiple failed logins detected,2,18,21,1,Normal
2024-09-19 00:36:51.772849,Access,guest,Medium,Unauthorized access attempt,2,19,0,1,Normal
2024-09-19 00:41:51.772849,Error,guest,Medium,Failed login attempt,2,19,0,1,Normal
2024-09-19 00:45:51.772849,Login,system,Medium,Failed login attempt,2,19,0,1,Normal
2024-09-19 01:05:51.772849,Login,john_doe,High,Multiple failed logins detected,3,19,1,1,Normal
2024-09-19 01:19:51.772849,Login,john_doe,Medium,Failed login attempt,2,19,1,1,Normal
2024-09-19 01:57:51.772849,Access,admin,Low,Accessed confidential file,1,19,1,1,Normal
2024-09-19 02:43:51.772849,Login,jane_doe,High,File deleted,3,19,2,1,Normal
2024-09-19 04:23:51.772849,Login,admin,Medium,Server timeout,2,19,4,1,Normal
2024-09-19 05:00:51.772849,Access,guest,Medium,Server timeout,2,19,5,1,Normal
2024-09-19 05:02:51.772849,Login,system,Medium,Failed login attempt,2,19,5,1,Normal
2024-09-19 05:23:51.772849,Login,system,High,Unauthorized access attempt,3,19,5,1,Normal
2024-09-19 06:55:51.772849,Access,system,High,File deleted,3,19,6,1,Normal
2024-09-19 07:57:51.772849,Access,admin,High,Viewed public document,3,19,7,1,Normal
2024-09-19 08:16:51.772849,Error,jane_doe,Low,Failed login attempt,1,19,8,1,Normal
2024-09-19 09:06:51.772849,Error,john_doe,Medium,Successful login,2,19,9,1,Normal
2024-09-19 09:42:51.772849,Login,john_doe,High,Unauthorized access attempt,3,19,9,1,Normal
2024-09-19 09:52:51.772849,Error,jane_doe,Low,Multiple failed logins detected,1,19,9,1,Normal
2024-09-19 10:08:51.772849,Login,john_doe,Low,Unauthorized access attempt,1,19,10,1,Normal
2024-09-19 10:58:51.772849,Login,admin,Low,File uploaded,1,19,10,1,Normal
2024-09-19 11:37:51.772849,Access,jane_doe,Medium,Accessed confidential file,2,19,11,1,Normal
2024-09-19 12:02:51.772849,Error,john_doe,Low,Successful login,1,19,12,1,Normal
2024-09-19 12:24:51.772849,Access,admin,Low,Multiple failed logins detected,1,19,12,1,Normal
2024-09-19 13:50:51.772849,Error,admin,Low,Multiple failed logins detected,1,19,13,1,Normal
2024-09-19 15:13:51.772849,Login,guest,High,Failed login attempt,3,19,15,1,Normal
2024-09-19 15:46:51.772849,Error,jane_doe,Low,File deleted,1,19,15,1,Normal
2024-09-19 15:59:51.772849,Login,admin,High,Multiple failed logins detected,3,19,15,1,Normal
2024-09-19 17:12:51.772849,Login,jane_doe,Low,System reboot,1,19,17,1,Normal
2024-09-19 18:07:51.772849,Access,jane_doe,Low,Viewed public document,1,19,18,1,Normal
2024-09-19 19:27:51.772849,Access,system,High,Server timeout,3,19,19,1,Normal
2024-09-19 20:03:51.772849,Login,jane_doe,Low,File deleted,1,19,20,1,Normal
2024-09-19 20:40:51.772849,Login,jane_doe,Medium,System reboot,2,19,20,1,Normal
2024-09-19 20:46:51.772849,Access,admin,High,Unauthorized access attempt,3,19,20,1,Normal
2024-09-19 20:58:51.772849,Error,system,High,File deleted,3,19,20,1,Normal
2024-09-19 21:09:51.772849,Error,admin,High,Failed login attempt,3,19,21,1,Normal
2024-09-19 21:25:51.772849,Error,jane_doe,Medium,Failed login attempt,2,19,21,1,Normal
2024-09-19 21:39:51.772849,Error,admin,Medium,System reboot,2,19,21,1,Normal
2024-09-19 21:48:51.772849,Access,admin,Medium,Viewed public document,2,19,21,1,Normal
2024-09-19 22:15:51.772849,Error,john_doe,High,File uploaded,3,19,22,1,Normal
2024-09-19 23:13:51.772849,Login,admin,High,Unauthorized access attempt,3,19,23,1,Normal
2024-09-19 23:22:51.772849,Access,system,Medium,Viewed public document,2,19,23,1,Normal
2024-09-19 23:34:51.772849,Login,jane_doe,Medium,Failed login attempt,2,19,23,1,Normal
2024-09-19 23:49:51.772849,Access,guest,Medium,Accessed confidential file,2,19,23,1,Normal
2024-09-19 23:49:51.772849,Login,system,Medium,Multiple failed logins detected,2,19,23,1,Normal
2024-09-20 01:04:51.772849,Login,system,Medium,Failed login attempt,2,20,1,1,Normal
2024-09-20 01:22:51.772849,Error,guest,Medium,System reboot,2,20,1,1,Normal
2024-09-20 01:51:51.772849,Login,admin,Medium,Failed login attempt,2,20,1,1,Normal
2024-09-20 02:45:51.772849,Login,system,Medium,File uploaded,2,20,2,1,Normal
2024-09-20 03:49:51.772849,Access,admin,High,File uploaded,3,20,3,1,Normal
2024-09-20 04:01:51.772849,Access,john_doe,Medium,File deleted,2,20,4,1,Normal
2024-09-20 04:10:51.772849,Access,guest,Medium,File uploaded,2,20,4,1,Normal
2024-09-20 04:50:51.772849,Error,jane_doe,Medium,Server timeout,2,20,4,1,Normal
2024-09-20 06:27:51.772849,Error,admin,Medium,Accessed confidential file,2,20,6,1,Normal
2024-09-20 07:51:51.772849,Access,guest,High,File deleted,3,20,7,1,Normal
2024-09-20 07:54:51.772849,Login,john_doe,Low,Successful login,1,20,7,1,Normal
2024-09-20 08:59:51.772849,Access,system,Medium,Accessed confidential file,2,20,8,1,Normal
2024-09-20 09:20:51.772849,Access,john_doe,Medium,Viewed public document,2,20,9,1,Normal
2024-09-20 09:41:51.772849,Access,jane_doe,Medium,File uploaded,2,20,9,1,Normal
2024-09-20 09:50:51.772849,Access,system,Low,System reboot,1,20,9,1,Normal
2024-09-20 10:30:51.772849,Error,system,Low,System reboot,1,20,10,1,Normal
2024-09-20 11:17:51.772849,Error,guest,Medium,Accessed confidential file,2,20,11,1,Normal
2024-09-20 11:22:51.772849,Error,admin,High,Successful login,3,20,11,1,Normal
2024-09-20 13:31:51.772849,Error,admin,High,System reboot,3,20,13,1,Normal
2024-09-20 14:27:51.772849,Error,john_doe,Low,Server timeout,1,20,14,1,Normal
2024-09-20 14:52:51.772849,Login,admin,Medium,Accessed confidential file,2,20,14,1,Normal
2024-09-20 15:20:51.772849,Access,john_doe,High,Viewed public document,3,20,15,1,Normal
2024-09-20 15:23:51.772849,Login,guest,Low,Server timeout,1,20,15,1,Normal
2024-09-20 16:29:51.772849,Login,jane_doe,Medium,File deleted,2,20,16,1,Normal
2024-09-20 16:47:51.772849,Error,system,Low,Accessed confidential file,1,20,16,1,Normal
2024-09-20 18:01:51.772849,Login,admin,Medium,Multiple failed logins detected,2,20,18,1,Normal
2024-09-20 21:07:51.772849,Error,system,High,File deleted,3,20,21,1,Normal
2024-09-20 21:29:51.772849,Access,system,High,Successful login,3,20,21,1,Normal
2024-09-20 21:35:51.772849,Access,guest,Low,File deleted,1,20,21,1,Normal
2024-09-20 22:38:51.772849,Access,admin,High,Failed login attempt,3,20,22,1,Normal
2024-09-20 23:08:51.772849,Error,jane_doe,Medium,Viewed public document,2,20,23,1,Normal
2024-09-20 23:28:51.772849,Error,jane_doe,Low,Viewed public document,1,20,23,1,Normal
2024-09-20 23:42:51.772849,Access,jane_doe,Low,Unauthorized access attempt,1,20,23,1,Normal
2024-09-20 23:50:51.772849,Access,john_doe,Low,Failed login attempt,1,20,23,1,Normal
2024-09-21 00:10:51.772849,Access,system,High,Viewed public document,3,21,0,-1,Anomaly
2024-09-21 00:51:51.772849,Access,guest,Low,Multiple failed logins detected,1,21,0,1,Normal
2024-09-21 03:28:51.772849,Login,admin,High,Server timeout,3,21,3,1,Normal
2024-09-21 03:42:51.772849,Access,john_doe,Medium,Multiple failed logins detected,2,21,3,1,Normal
2024-09-21 04:46:51.772849,Error,guest,High,Multiple failed logins detected,3,21,4,1,Normal
2024-09-21 05:19:51.772849,Error,guest,Medium,Unauthorized access attempt,2,21,5,1,Normal
2024-09-21 06:13:51.772849,Error,guest,High,Failed login attempt,3,21,6,1,Normal
2024-09-21 07:02:51.772849,Error,admin,Low,Server timeout,1,21,7,1,Normal
2024-09-21 07:38:51.772849,Access,john_doe,Low,File uploaded,1,21,7,1,Normal
2024-09-21 08:09:51.772849,Login,jane_doe,High,File deleted,3,21,8,1,Normal
2024-09-21 09:08:51.772849,Error,guest,Low,Multiple failed logins detected,1,21,9,1,Normal
2024-09-21 09:28:51.772849,Error,john_doe,Medium,Failed login attempt,2,21,9,1,Normal
2024-09-21 09:47:51.772849,Login,john_doe,Medium,Unauthorized access attempt,2,21,9,1,Normal
2024-09-21 09:53:51.772849,Access,admin,Medium,Unauthorized access attempt,2,21,9,1,Normal
2024-09-21 10:06:51.772849,Access,john_doe,High,Successful login,3,21,10,1,Normal
2024-09-21 10:58:51.772849,Login,system,Low,Viewed public document,1,21,10,1,Normal
2024-09-21 12:05:51.772849,Access,admin,Medium,Unauthorized access attempt,2,21,12,1,Normal
2024-09-21 13:06:51.772849,Login,john_doe,Medium,Successful login,2,21,13,1,Normal
2024-09-21 14:03:51.772849,Login,john_doe,High,Viewed public document,3,21,14,1,Normal
2024-09-21 14:15:51.772849,Login,admin,Low,Viewed public document,1,21,14,1,Normal
2024-09-21 14:44:51.772849,Access,guest,High,Successful login,3,21,14,1,Normal
2024-09-21 15:54:51.772849,Error,jane_doe,Medium,Failed login attempt,2,21,15,1,Normal
2024-09-21 15:54:51.772849,Login,john_doe,Low,File deleted,1,21,15,1,Normal
2024-09-21 16:14:51.772849,Login,system,Medium,Server timeout,2,21,16,1,Normal
2024-09-21 17:11:51.772849,Login,john_doe,Medium,Accessed confidential file,2,21,17,1,Normal
2024-09-21 17:35:51.772849,Access,jane_doe,High,Server timeout,3,21,17,1,Normal
2024-09-21 19:26:51.772849,Access,jane_doe,Low,Server timeout,1,21,19,1,Normal
2024-09-21 19:40:51.772849,Access,jane_doe,High,Multiple failed logins detected,3,21,19,1,Normal
2024-09-21 20:01:51.772849,Login,guest,Low,Failed login attempt,1,21,20,1,Normal
2024-09-21 20:01:51.772849,Login,guest,Low,Server timeout,1,21,20,1,Normal
2024-09-21 22:26:51.772849,Login,guest,Low,File uploaded,1,21,22,1,Normal
2024-09-21 22:46:51.772849,Login,system,Medium,Accessed confidential file,2,21,22,1,Normal
2024-09-21 22:56:51.772849,Error,admin,Medium,Successful login,2,21,22,1,Normal
2024-09-21 22:57:51.772849,Access,jane_doe,High,Successful login,3,21,22,1,Normal
2024-09-21 23:11:51.772849,Error,system,High,Failed login attempt,3,21,23,1,Normal
2024-09-21 23:49:51.772849,Access,system,Medium,File uploaded,2,21,23,1,Normal
2024-09-21 23:54:51.772849,Login,jane_doe,High,System reboot,3,21,23,1,Normal
2024-09-22 00:08:51.772849,Error,admin,Low,File deleted,1,22,0,1,Normal
2024-09-22 00:27:51.772849,Access,jane_doe,Medium,Failed login attempt,2,22,0,1,Normal
2024-09-22 03:12:51.772849,Access,system,Medium,File uploaded,2,22,3,1,Normal
2024-09-22 04:25:51.772849,Error,system,High,Unauthorized access attempt,3,22,4,1,Normal
2024-09-22 04:46:51.772849,Error,admin,High,Accessed confidential file,3,22,4,1,Normal
2024-09-22 05:37:51.772849,Login,john_doe,Medium,Server timeout,2,22,5,1,Normal
2024-09-22 06:00:51.772849,Access,jane_doe,High,Failed login attempt,3,22,6,1,Normal
2024-09-22 06:03:51.772849,Error,admin,Medium,Server timeout,2,22,6,1,Normal
2024-09-22 06:23:51.772849,Error,guest,Low,Accessed confidential file,1,22,6,1,Normal
2024-09-22 09:39:51.772849,Login,guest,Low,Successful login,1,22,9,1,Normal
2024-09-22 09:57:51.772849,Error,admin,Medium,Accessed confidential file,2,22,9,1,Normal
2024-09-22 10:10:51.772849,Access,guest,Low,Multiple failed logins detected,1,22,10,1,Normal
2024-09-22 11:11:51.772849,Access,system,Medium,Accessed confidential file,2,22,11,1,Normal
2024-09-22 11:42:51.772849,Login,admin,Medium,Multiple failed logins detected,2,22,11,1,Normal
2024-09-22 11:45:51.772849,Login,system,Medium,Viewed public document,2,22,11,1,Normal
2024-09-22 12:05:51.772849,Error,jane_doe,High,Accessed confidential file,3,22,12,1,Normal
2024-09-22 12:51:51.772849,Login,admin,High,Accessed confidential file,3,22,12,1,Normal
2024-09-22 13:02:51.772849,Access,system,Low,Viewed public document,1,22,13,1,Normal
2024-09-22 13:14:51.772849,Error,john_doe,High,File deleted,3,22,13,1,Normal
2024-09-22 14:04:51.772849,Login,system,Low,System reboot,1,22,14,1,Normal
2024-09-22 16:43:51.772849,Login,john_doe,Medium,System reboot,2,22,16,1,Normal
2024-09-22 16:47:51.772849,Login,jane_doe,Medium,File uploaded,2,22,16,1,Normal
2024-09-22 18:21:51.772849,Error,system,Low,File deleted,1,22,18,1,Normal
2024-09-22 18:30:51.772849,Access,guest,High,System reboot,3,22,18,1,Normal
2024-09-22 19:28:51.772849,Access,jane_doe,Medium,Failed login attempt,2,22,19,1,Normal
2024-09-22 20:30:51.772849,Error,guest,Low,Viewed public document,1,22,20,1,Normal
2024-09-22 22:03:51.772849,Error,jane_doe,Low,Unauthorized access attempt,1,22,22,1,Normal
2024-09-23 00:55:51.772849,Access,guest,Medium,File uploaded,2,23,0,1,Normal
2024-09-23 00:58:51.772849,Access,system,High,Multiple failed logins detected,3,23,0,-1,Anomaly
2024-09-23 02:14:51.772849,Access,jane_doe,High,Multiple failed logins detected,3,23,2,1,Normal
2024-09-23 02:20:51.772849,Login,system,Medium,Successful login,2,23,2,1,Normal
2024-09-23 02:56:51.772849,Access,jane_doe,High,Unauthorized access attempt,3,23,2,1,Normal
2024-09-23 05:11:51.772849,Error,system,High,Viewed public document,3,23,5,1,Normal
2024-09-23 05:53:51.772849,Error,guest,Medium,Viewed public document,2,23,5,1,Normal
2024-09-23 10:46:51.772849,Error,jane_doe,High,System reboot,3,23,10,1,Normal
2024-09-23 11:01:51.772849,Access,jane_doe,Medium,Viewed public document,2,23,11,1,Normal
2024-09-23 11:35:51.772849,Error,admin,High,Failed login attempt,3,23,11,1,Normal
2024-09-23 12:34:51.772849,Error,admin,Low,File deleted,1,23,12,1,Normal
2024-09-23 12:38:51.772849,Error,guest,High,System reboot,3,23,12,1,Normal
2024-09-23 12:47:51.772849,Error,system,High,System reboot,3,23,12,1,Normal
2024-09-23 14:34:51.772849,Error,john_doe,Low,Multiple failed logins detected,1,23,14,1,Normal
2024-09-23 15:33:51.772849,Error,admin,Low,Multiple failed logins detected,1,23,15,1,Normal
2024-09-23 16:16:51.772849,Login,admin,High,Multiple failed logins detected,3,23,16,1,Normal
2024-09-23 16:44:51.772849,Error,system,Low,Successful login,1,23,16,1,Normal
2024-09-23 16:46:51.772849,Error,jane_doe,Low,Accessed confidential file,1,23,16,1,Normal
2024-09-23 16:46:51.772849,Login,guest,Medium,System reboot,2,23,16,1,Normal
2024-09-23 16:56:51.772849,Access,guest,Low,System reboot,1,23,16,1,Normal
2024-09-23 18:38:51.772849,Access,jane_doe,High,System reboot,3,23,18,1,Normal
2024-09-23 18:54:51.772849,Access,guest,Medium,File deleted,2,23,18,1,Normal
2024-09-23 19:37:51.772849,Login,jane_doe,Medium,Failed login attempt,2,23,19,1,Normal
2024-09-23 19:39:51.772849,Access,guest,Medium,Failed login attempt,2,23,19,1,Normal
2024-09-23 20:48:51.772849,Login,admin,High,Failed login attempt,3,23,20,1,Normal
2024-09-23 21:22:51.772849,Login,john_doe,Low,Accessed confidential file,1,23,21,1,Normal
2024-09-23 21:47:51.772849,Error,admin,Medium,System reboot,2,23,21,1,Normal
2024-09-23 22:08:51.772849,Login,system,High,Failed login attempt,3,23,22,1,Normal
2024-09-23 22:35:51.772849,Login,john_doe,Medium,Unauthorized access attempt,2,23,22,1,Normal
2024-09-23 23:40:51.772849,Error,jane_doe,High,Multiple failed logins detected,3,23,23,1,Normal
2024-09-23 23:43:51.772849,Login,jane_doe,High,Failed login attempt,3,23,23,1,Normal
2024-09-24 00:13:51.772849,Login,jane_doe,Low,Failed login attempt,1,24,0,-1,Anomaly
2024-09-24 00:34:51.772849,Login,john_doe,High,Successful login,3,24,0,-1,Anomaly
2024-09-24 01:29:51.772849,Login,admin,High,Successful login,3,24,1,-1,Anomaly
2024-09-24 02:17:51.772849,Login,john_doe,Medium,Server timeout,2,24,2,1,Normal
2024-09-24 02:19:51.772849,Access,system,Medium,System reboot,2,24,2,1,Normal
2024-09-24 03:19:51.772849,Login,system,Medium,Server timeout,2,24,3,1,Normal
2024-09-24 03:29:51.772849,Access,guest,Medium,Server timeout,2,24,3,1,Normal
2024-09-24 04:18:51.772849,Login,admin,Medium,Failed login attempt,2,24,4,1,Normal
2024-09-24 04:42:51.772849,Access,john_doe,High,Unauthorized access attempt,3,24,4,1,Normal
2024-09-24 05:39:51.772849,Access,john_doe,Medium,Successful login,2,24,5,1,Normal
2024-09-24 06:06:51.772849,Error,jane_doe,Medium,System reboot,2,24,6,1,Normal
2024-09-24 06:11:51.772849,Error,guest,Medium,Successful login,2,24,6,1,Normal
2024-09-24 07:03:51.772849,Error,john_doe,Low,Multiple failed logins detected,1,24,7,1,Normal
2024-09-24 07:29:51.772849,Error,system,Low,Accessed confidential file,1,24,7,1,Normal
2024-09-24 09:06:51.772849,Login,john_doe,Low,Accessed confidential file,1,24,9,1,Normal
2024-09-24 11:10:51.772849,Access,guest,High,Failed login attempt,3,24,11,1,Normal
2024-09-24 12:45:51.772849,Error,system,Medium,Multiple failed logins detected,2,24,12,1,Normal
2024-09-24 15:41:51.772849,Error,jane_doe,Medium,System reboot,2,24,15,1,Normal
2024-09-24 15:55:51.772849,Error,jane_doe,Medium,Accessed confidential file,2,24,15,1,Normal
2024-09-24 17:11:51.772849,Login,jane_doe,Medium,System reboot,2,24,17,1,Normal
2024-09-24 17:56:51.772849,Login,john_doe,High,Server timeout,3,24,17,1,Normal
2024-09-24 18:13:51.772849,Error,john_doe,High,File uploaded,3,24,18,1,Normal
2024-09-24 19:13:51.772849,Error,guest,High,Accessed confidential file,3,24,19,1,Normal
2024-09-24 20:52:51.772849,Access,system,Low,Viewed public document,1,24,20,1,Normal
2024-09-24 20:58:51.772849,Error,john_doe,Low,Failed login attempt,1,24,20,1,Normal
2024-09-24 21:44:51.772849,Access,jane_doe,High,Failed login attempt,3,24,21,1,Normal
2024-09-24 21:49:51.772849,Error,guest,High,File deleted,3,24,21,1,Normal
2024-09-25 00:04:51.772849,Error,jane_doe,Medium,Viewed public document,2,25,0,1,Normal
2024-09-25 00:19:51.772849,Error,john_doe,High,Successful login,3,25,0,-1,Anomaly
2024-09-25 00:27:51.772849,Access,system,Medium,Successful login,2,25,0,1,Normal
2024-09-25 02:15:51.772849,Login,system,High,Unauthorized access attempt,3,25,2,1,Normal
2024-09-25 03:12:51.772849,Login,john_doe,Low,Accessed confidential file,1,25,3,1,Normal
2024-09-25 04:03:51.772849,Error,system,Low,Multiple failed logins detected,1,25,4,1,Normal
2024-09-25 04:48:51.772849,Error,jane_doe,Low,System reboot,1,25,4,1,Normal
2024-09-25 06:43:51.772849,Error,system,High,Viewed public document,3,25,6,1,Normal
2024-09-25 09:15:51.772849,Error,system,Low,Failed login attempt,1,25,9,1,Normal
2024-09-25 09:27:51.772849,Access,jane_doe,High,Failed login attempt,3,25,9,1,Normal
2024-09-25 09:35:51.772849,Access,jane_doe,Medium,Viewed public document,2,25,9,1,Normal
2024-09-25 09:48:51.772849,Login,jane_doe,Low,File uploaded,1,25,9,1,Normal
2024-09-25 10:31:51.772849,Error,admin,High,File deleted,3,25,10,1,Normal
2024-09-25 11:02:51.772849,Login,guest,Low,Successful login,1,25,11,1,Normal
2024-09-25 11:06:51.772849,Login,jane_doe,High,System reboot,3,25,11,1,Normal
2024-09-25 11:22:51.772849,Error,guest,Low,Successful login,1,25,11,1,Normal
2024-09-25 11:51:51.772849,Error,guest,Medium,Successful login,2,25,11,1,Normal
2024-09-25 12:11:51.772849,Error,admin,Low,Viewed public document,1,25,12,1,Normal
2024-09-25 12:46:51.772849,Error,guest,Low,File uploaded,1,25,12,1,Normal
2024-09-25 13:51:51.772849,Error,guest,High,Failed login attempt,3,25,13,1,Normal
2024-09-25 14:12:51.772849,Access,guest,High,System reboot,3,25,14,1,Normal
2024-09-25 17:02:51.772849,Login,guest,Medium,File uploaded,2,25,17,1,Normal
2024-09-25 17:54:51.772849,Error,john_doe,Low,File uploaded,1,25,17,1,Normal
2024-09-25 18:27:51.772849,Access,john_doe,High,Multiple failed logins detected,3,25,18,1,Normal
2024-09-25 19:01:51.772849,Login,admin,Medium,Multiple failed logins detected,2,25,19,1,Normal
2024-09-25 19:05:51.772849,Login,jane_doe,Low,System reboot,1,25,19,1,Normal
2024-09-25 19:20:51.772849,Access,system,Low,Viewed public document,1,25,19,1,Normal
2024-09-25 19:35:51.772849,Access,john_doe,Medium,Accessed confidential file,2,25,19,1,Normal
2024-09-25 19:49:51.772849,Login,system,High,Unauthorized access attempt,3,25,19,1,Normal
2024-09-25 21:32:51.772849,Error,john_doe,Medium,File uploaded,2,25,21,1,Normal
2024-09-26 00:12:51.772849,Error,admin,High,Server timeout,3,26,0,-1,Anomaly
2024-09-26 00:56:51.772849,Access,admin,Medium,Failed login attempt,2,26,0,1,Normal
2024-09-26 03:45:51.772849,Error,guest,Low,Server timeout,1,26,3,1,Normal
2024-09-26 04:47:51.772849,Login,admin,Low,Server timeout,1,26,4,1,Normal
2024-09-26 06:40:51.772849,Error,john_doe,High,Unauthorized access attempt,3,26,6,1,Normal
2024-09-26 07:17:51.772849,Access,guest,High,Successful login,3,26,7,1,Normal
2024-09-26 07:24:51.772849,Access,guest,Low,Accessed confidential file,1,26,7,1,Normal
2024-09-26 07:53:51.772849,Login,system,Medium,Multiple failed logins detected,2,26,7,1,Normal
2024-09-26 08:16:51.772849,Error,jane_doe,Medium,Accessed confidential file,2,26,8,1,Normal
2024-09-26 08:19:51.772849,Access,guest,Medium,Accessed confidential file,2,26,8,1,Normal
2024-09-26 09:01:51.772849,Error,john_doe,Low,Viewed public document,1,26,9,1,Normal
2024-09-26 09:10:51.772849,Access,john_doe,High,System reboot,3,26,9,1,Normal
2024-09-26 09:31:51.772849,Error,admin,Medium,Multiple failed logins detected,2,26,9,1,Normal
2024-09-26 10:04:51.772849,Login,admin,Low,File deleted,1,26,10,1,Normal
2024-09-26 10:39:51.772849,Login,jane_doe,Medium,Failed login attempt,2,26,10,1,Normal
2024-09-26 11:15:51.772849,Error,admin,Low,File deleted,1,26,11,1,Normal
2024-09-26 11:18:51.772849,Error,jane_doe,Medium,Successful login,2,26,11,1,Normal
2024-09-26 11:31:51.772849,Access,guest,Medium,File uploaded,2,26,11,1,Normal
2024-09-26 11:50:51.772849,Login,jane_doe,High,Multiple failed logins detected,3,26,11,1,Normal
2024-09-26 13:00:51.772849,Access,jane_doe,Medium,File uploaded,2,26,13,1,Normal
2024-09-26 14:10:51.772849,Access,jane_doe,Low,File deleted,1,26,14,1,Normal
2024-09-26 15:37:51.772849,Access,john_doe,High,System reboot,3,26,15,1,Normal
2024-09-26 15:54:51.772849,Access,john_doe,High,Unauthorized access attempt,3,26,15,1,Normal
2024-09-26 16:38:51.772849,Access,jane_doe,High,Multiple failed logins detected,3,26,16,1,Normal
2024-09-26 16:51:51.772849,Access,jane_doe,Low,Viewed public document,1,26,16,1,Normal
2024-09-26 17:23:51.772849,Error,john_doe,High,Viewed public document,3,26,17,1,Normal
2024-09-26 17:30:51.772849,Access,guest,Low,Successful login,1,26,17,1,Normal
2024-09-26 17:42:51.772849,Error,admin,High,Multiple failed logins detected,3,26,17,1,Normal
2024-09-26 18:22:51.772849,Login,john_doe,Medium,Successful login,2,26,18,1,Normal
2024-09-26 18:36:51.772849,Login,john_doe,Medium,System reboot,2,26,18,1,Normal
2024-09-26 18:43:51.772849,Login,admin,High,Failed login attempt,3,26,18,1,Normal
2024-09-26 19:52:51.772849,Error,guest,Low,System reboot,1,26,19,1,Normal
2024-09-26 20:47:51.772849,Login,jane_doe,Medium,Unauthorized access attempt,2,26,20,1,Normal
2024-09-26 21:19:51.772849,Access,system,High,Viewed public document,3,26,21,1,Normal
2024-09-26 21:38:51.772849,Error,admin,High,Server timeout,3,26,21,1,Normal
2024-09-26 22:44:51.772849,Access,jane_doe,Low,Unauthorized access attempt,1,26,22,1,Normal
2024-09-26 23:12:51.772849,Access,guest,Low,Server timeout,1,26,23,-1,Anomaly
2024-09-26 23:15:51.772849,Access,system,High,File deleted,3,26,23,-1,Anomaly
2024-09-26 23:23:51.772849,Error,jane_doe,Low,Server timeout,1,26,23,-1,Anomaly
2024-09-27 00:20:51.772849,Login,guest,Medium,Multiple failed logins detected,2,27,0,1,Normal
2024-09-27 02:18:51.772849,Error,jane_doe,High,Unauthorized access attempt,3,27,2,-1,Anomaly
2024-09-27 02:25:51.772849,Access,system,Low,Server timeout,1,27,2,1,Normal
2024-09-27 02:45:51.772849,Access,system,High,Viewed public document,3,27,2,-1,Anomaly
2024-09-27 03:52:51.772849,Access,john_doe,Low,Accessed confidential file,1,27,3,1,Normal
2024-09-27 03:53:51.772849,Access,system,Medium,Multiple failed logins detected,2,27,3,1,Normal
2024-09-27 04:00:51.772849,Login,guest,High,Accessed confidential file,3,27,4,1,Normal
2024-09-27 05:10:51.772849,Error,admin,High,Failed login attempt,3,27,5,1,Normal
2024-09-27 05:38:51.772849,Access,john_doe,Medium,File deleted,2,27,5,1,Normal
2024-09-27 06:25:51.772849,Login,john_doe,Medium,Accessed confidential file,2,27,6,1,Normal
2024-09-27 06:40:51.772849,Error,john_doe,Low,Unauthorized access attempt,1,27,6,1,Normal
2024-09-27 07:57:51.772849,Login,john_doe,Low,Failed login attempt,1,27,7,1,Normal
2024-09-27 08:06:51.772849,Error,jane_doe,Medium,Unauthorized access attempt,2,27,8,1,Normal
2024-09-27 08:47:51.772849,Login,system,Medium,Unauthorized access attempt,2,27,8,1,Normal
2024-09-27 09:57:51.772849,Error,admin,Low,Failed login attempt,1,27,9,1,Normal
2024-09-27 10:22:51.772849,Login,system,High,Failed login attempt,3,27,10,1,Normal
2024-09-27 10:44:51.772849,Login,admin,Medium,Successful login,2,27,10,1,Normal
2024-09-27 12:01:51.772849,Access,guest,High,Accessed confidential file,3,27,12,1,Normal
2024-09-27 12:24:51.772849,Login,jane_doe,Low,System reboot,1,27,12,1,Normal
2024-09-27 13:47:51.772849,Error,admin,Medium,Unauthorized access attempt,2,27,13,1,Normal
2024-09-27 14:23:51.772849,Login,system,High,File deleted,3,27,14,1,Normal
2024-09-27 14:32:51.772849,Login,admin,Medium,Accessed confidential file,2,27,14,1,Normal
2024-09-27 15:09:51.772849,Access,guest,High,File uploaded,3,27,15,1,Normal
2024-09-27 15:22:51.772849,Access,admin,Medium,Unauthorized access attempt,2,27,15,1,Normal
2024-09-27 15:49:51.772849,Access,john_doe,Medium,Failed login attempt,2,27,15,1,Normal
2024-09-27 16:19:51.772849,Error,system,Medium,Viewed public document,2,27,16,1,Normal
2024-09-27 16:55:51.772849,Error,jane_doe,Low,System reboot,1,27,16,1,Normal
2024-09-27 17:27:51.772849,Access,john_doe,Low,File uploaded,1,27,17,1,Normal
2024-09-27 19:05:51.772849,Login,john_doe,High,File uploaded,3,27,19,1,Normal
2024-09-27 19:15:51.772849,Access,guest,Medium,Failed login attempt,2,27,19,1,Normal
2024-09-27 19:35:51.772849,Access,jane_doe,High,File uploaded,3,27,19,1,Normal
2024-09-27 20:11:51.772849,Login,admin,High,File deleted,3,27,20,1,Normal
2024-09-27 20:19:51.772849,Login,jane_doe,High,File uploaded,3,27,20,1,Normal
2024-09-27 20:39:51.772849,Login,system,Low,File uploaded,1,27,20,1,Normal
2024-09-27 21:13:51.772849,Error,jane_doe,Medium,Multiple failed logins detected,2,27,21,1,Normal
2024-09-27 21:16:51.772849,Error,admin,High,Unauthorized access attempt,3,27,21,1,Normal
2024-09-27 21:19:51.772849,Login,jane_doe,Low,Failed login attempt,1,27,21,1,Normal
2024-09-27 21:58:51.772849,Access,john_doe,High,File deleted,3,27,21,1,Normal
2024-09-27 22:45:51.772849,Login,system,Medium,File deleted,2,27,22,1,Normal
2024-09-27 23:12:51.772849,Login,john_doe,High,Failed login attempt,3,27,23,-1,Anomaly
2024-09-27 23:53:51.772849,Error,system,High,Failed login attempt,3,27,23,-1,Anomaly
2024-09-27 23:55:51.772849,Error,admin,Low,Failed login attempt,1,27,23,-1,Anomaly
2024-09-28 00:36:51.772849,Error,john_doe,Low,System reboot,1,28,0,-1,Anomaly
2024-09-28 00:53:51.772849,Access,john_doe,Medium,Viewed public document,2,28,0,1,Normal
2024-09-28 00:55:51.772849,Error,admin,Medium,File uploaded,2,28,0,1,Normal
2024-09-28 01:25:51.772849,Login,jane_doe,High,Multiple failed logins detected,3,28,1,-1,Anomaly
2024-09-28 02:01:51.772849,Login,john_doe,Medium,Server timeout,2,28,2,1,Normal
2024-09-28 02:23:51.772849,Login,jane_doe,Medium,File deleted,2,28,2,1,Normal
2024-09-28 02:41:51.772849,Error,john_doe,Medium,System reboot,2,28,2,1,Normal
2024-09-28 03:18:51.772849,Login,admin,Medium,Failed login attempt,2,28,3,1,Normal
2024-09-28 04:07:51.772849,Login,system,High,File uploaded,3,28,4,1,Normal
2024-09-28 04:25:51.772849,Access,system,Low,Server timeout,1,28,4,1,Normal
2024-09-28 04:26:51.772849,Login,john_doe,Medium,Accessed confidential file,2,28,4,1,Normal
2024-09-28 05:22:51.772849,Access,system,Low,Viewed public document,1,28,5,1,Normal
2024-09-28 05:31:51.772849,Access,jane_doe,Low,File deleted,1,28,5,1,Normal
2024-09-28 05:36:51.772849,Error,john_doe,Low,Unauthorized access attempt,1,28,5,1,Normal
2024-09-28 08:03:51.772849,Error,guest,Medium,Multiple failed logins detected,2,28,8,1,Normal
2024-09-28 09:43:51.772849,Access,guest,High,Multiple failed logins detected,3,28,9,1,Normal
2024-09-28 12:01:51.772849,Access,john_doe,High,File uploaded,3,28,12,1,Normal
2024-09-28 12:56:51.772849,Error,guest,High,Failed login attempt,3,28,12,1,Normal
2024-09-28 13:59:51.772849,Error,guest,High,Failed login attempt,3,28,13,1,Normal
2024-09-28 14:39:51.772849,Access,system,Low,Viewed public document,1,28,14,1,Normal
2024-09-28 15:08:51.772849,Access,jane_doe,High,Accessed confidential file,3,28,15,1,Normal
2024-09-28 15:57:51.772849,Login,admin,High,System reboot,3,28,15,1,Normal
2024-09-28 16:49:51.772849,Error,guest,Medium,File deleted,2,28,16,1,Normal
2024-09-28 17:31:51.772849,Error,john_doe,Low,Unauthorized access attempt,1,28,17,1,Normal
2024-09-28 18:10:51.772849,Access,guest,Low,Server timeout,1,28,18,1,Normal
2024-09-28 18:42:51.772849,Login,system,Low,Accessed confidential file,1,28,18,1,Normal
2024-09-28 18:45:51.772849,Error,jane_doe,High,Viewed public document,3,28,18,1,Normal
2024-09-28 18:47:51.772849,Error,admin,High,Unauthorized access attempt,3,28,18,1,Normal
2024-09-28 18:53:51.772849,Login,guest,Medium,System reboot,2,28,18,1,Normal
2024-09-28 19:09:51.772849,Access,admin,Low,System reboot,1,28,19,1,Normal
2024-09-28 19:20:51.772849,Access,system,Medium,System reboot,2,28,19,1,Normal
2024-09-28 19:30:51.772849,Error,system,Low,Server timeout,1,28,19,1,Normal
2024-09-28 19:30:51.772849,Access,guest,Medium,Unauthorized access attempt,2,28,19,1,Normal
2024-09-28 19:47:51.772849,Error,john_doe,Low,Server timeout,1,28,19,1,Normal
2024-09-28 19:57:51.772849,Error,guest,Low,Successful login,1,28,19,1,Normal
2024-09-28 19:58:51.772849,Login,jane_doe,Low,Server timeout,1,28,19,1,Normal
2024-09-28 21:15:51.772849,Error,jane_doe,Medium,Accessed confidential file,2,28,21,1,Normal
2024-09-28 21:16:51.772849,Login,admin,High,Successful login,3,28,21,1,Normal
2024-09-28 21:26:51.772849,Error,guest,High,System reboot,3,28,21,1,Normal
2024-09-28 22:16:51.772849,Access,john_doe,High,Viewed public document,3,28,22,-1,Anomaly
2024-09-28 22:59:51.772849,Access,john_doe,Medium,File deleted,2,28,22,1,Normal
2024-09-29 00:12:51.772849,Error,system,Low,Multiple failed logins detected,1,29,0,-1,Anomaly
2024-09-29 00:41:51.772849,Error,jane_doe,High,Viewed public document,3,29,0,-1,Anomaly
2024-09-29 00:50:51.772849,Access,guest,Medium,Unauthorized access attempt,2,29,0,-1,Anomaly
2024-09-29 01:44:51.772849,Error,guest,Low,Successful login,1,29,1,-1,Anomaly
2024-09-29 02:37:51.772849,Access,admin,Low,System reboot,1,29,2,-1,Anomaly
2024-09-29 03:11:51.772849,Access,system,Medium,Successful login,2,29,3,1,Normal
2024-09-29 03:18:51.772849,Access,jane_doe,High,Unauthorized access attempt,3,29,3,-1,Anomaly
2024-09-29 03:57:51.772849,Login,jane_doe,High,Multiple failed logins detected,3,29,3,-1,Anomaly
2024-09-29 05:27:51.772849,Error,john_doe,Low,Accessed confidential file,1,29,5,1,Normal
2024-09-29 05:46:51.772849,Login,system,Low,System reboot,1,29,5,1,Normal
2024-09-29 06:14:51.772849,Login,admin,High,File uploaded,3,29,6,1,Normal
2024-09-29 07:35:51.772849,Error,guest,Low,Viewed public document,1,29,7,1,Normal
2024-09-29 07:50:51.772849,Access,john_doe,Medium,Multiple failed logins detected,2,29,7,1,Normal
2024-09-29 08:02:51.772849,Login,john_doe,High,Accessed confidential file,3,29,8,1,Normal
2024-09-29 08:43:51.772849,Error,john_doe,Low,Unauthorized access attempt,1,29,8,1,Normal
2024-09-29 09:20:51.772849,Error,system,Medium,Server timeout,2,29,9,1,Normal
2024-09-29 09:27:51.772849,Access,admin,Low,Accessed confidential file,1,29,9,1,Normal
2024-09-29 09:39:51.772849,Access,john_doe,Low,Successful login,1,29,9,1,Normal
2024-09-29 09:41:51.772849,Login,admin,Low,Failed login attempt,1,29,9,1,Normal
2024-09-29 09:45:51.772849,Error,system,High,Successful login,3,29,9,1,Normal
2024-09-29 10:00:51.772849,Login,admin,Medium,File uploaded,2,29,10,1,Normal
2024-09-29 10:04:51.772849,Error,admin,Low,File uploaded,1,29,10,1,Normal
2024-09-29 10:08:51.772849,Access,jane_doe,Medium,File uploaded,2,29,10,1,Normal
2024-09-29 10:29:51.772849,Login,john_doe,Low,Viewed public document,1,29,10,1,Normal
2024-09-29 10:42:51.772849,Error,jane_doe,Medium,Accessed confidential file,2,29,10,1,Normal
2024-09-29 11:17:51.772849,Login,system,Low,Server timeout,1,29,11,1,Normal
2024-09-29 13:35:51.772849,Login,admin,High,Failed login attempt,3,29,13,1,Normal
2024-09-29 14:38:51.772849,Login,guest,Low,File uploaded,1,29,14,1,Normal
2024-09-29 14:56:51.772849,Access,system,High,Failed login attempt,3,29,14,1,Normal
2024-09-29 15:48:51.772849,Access,admin,Medium,Viewed public document,2,29,15,1,Normal
2024-09-29 16:24:51.772849,Access,admin,Medium,System reboot,2,29,16,1,Normal
2024-09-29 17:06:51.772849,Error,jane_doe,Low,Successful login,1,29,17,1,Normal
2024-09-29 17:24:51.772849,Access,jane_doe,High,Unauthorized access attempt,3,29,17,1,Normal
2024-09-29 17:55:51.772849,Login,system,Medium,Server timeout,2,29,17,1,Normal
2024-09-29 19:13:51.772849,Access,jane_doe,Low,Multiple failed logins detected,1,29,19,1,Normal
2024-09-29 20:31:51.772849,Access,admin,Low,Server timeout,1,29,20,1,Normal
2024-09-29 20:38:51.772849,Access,john_doe,Medium,Viewed public document,2,29,20,1,Normal
2024-09-29 21:04:51.772849,Error,system,Medium,File deleted,2,29,21,1,Normal
2024-09-29 21:55:51.772849,Access,john_doe,Low,Accessed confidential file,1,29,21,1,Normal
2024-09-29 23:57:51.772849,Login,admin,Low,Server timeout,1,29,23,-1,Anomaly
2024-09-30 00:55:51.772849,Login,john_doe,Low,Multiple failed logins detected,1,30,0,-1,Anomaly
2024-09-30 02:03:51.772849,Error,guest,Medium,Viewed public document,2,30,2,1,Normal
2024-09-30 02:24:51.772849,Error,jane_doe,Medium,File deleted,2,30,2,1,Normal
2024-09-30 03:13:51.772849,Error,guest,Medium,Viewed public document,2,30,3,1,Normal
2024-09-30 04:46:51.772849,Error,guest,High,Accessed confidential file,3,30,4,-1,Anomaly
2024-09-30 05:24:51.772849,Access,system,Low,File uploaded,1,30,5,-1,Anomaly
2024-09-30 05:55:51.772849,Login,guest,Medium,Accessed confidential file,2,30,5,1,Normal
2024-09-30 06:37:51.772849,Access,john_doe,Low,Unauthorized access attempt,1,30,6,-1,Anomaly
2024-09-30 07:48:51.772849,Access,admin,High,Server timeout,3,30,7,-1,Anomaly
2024-09-30 07:59:51.772849,Access,admin,Medium,File deleted,2,30,7,1,Normal
2024-09-30 08:50:51.772849,Login,system,Medium,File uploaded,2,30,8,1,Normal
2024-09-30 09:30:51.772849,Access,jane_doe,Medium,Accessed confidential file,2,30,9,1,Normal
2024-09-30 09:51:51.772849,Login,admin,High,Accessed confidential file,3,30,9,1,Normal
2024-09-30 10:33:51.772849,Error,jane_doe,High,Failed login attempt,3,30,10,-1,Anomaly
2024-09-30 11:14:51.772849,Error,jane_doe,Medium,Successful login,2,30,11,1,Normal
2024-09-30 11:59:51.772849,Error,guest,Medium,File uploaded,2,30,11,1,Normal
2024-09-30 12:15:51.772849,Login,guest,Medium,File deleted,2,30,12,1,Normal
2024-09-30 13:42:51.772849,Access,guest,Low,Accessed confidential file,1,30,13,-1,Anomaly
2024-09-30 13:44:51.772849,Login,jane_doe,Medium,Accessed confidential file,2,30,13,1,Normal
2024-09-30 13:58:51.772849,Error,jane_doe,Medium,Accessed confidential file,2,30,13,1,Normal
2024-09-30 15:10:51.772849,Access,admin,Medium,Multiple failed logins detected,2,30,15,1,Normal
2024-09-30 15:23:51.772849,Error,system,Low,Successful login,1,30,15,-1,Anomaly
2024-09-30 16:17:51.772849,Access,jane_doe,Medium,Viewed public document,2,30,16,1,Normal
2024-09-30 16:44:51.772849,Login,admin,High,Unauthorized access attempt,3,30,16,1,Normal
2024-09-30 17:43:51.772849,Error,system,Low,Failed login attempt,1,30,17,-1,Anomaly
2024-09-30 17:49:51.772849,Login,jane_doe,Medium,Server timeout,2,30,17,1,Normal
2024-09-30 18:32:51.772849,Login,system,Medium,Multiple failed logins detected,2,30,18,1,Normal
2024-09-30 19:39:51.772849,Login,john_doe,High,Viewed public document,3,30,19,-1,Anomaly
2024-09-30 20:53:51.772849,Access,guest,High,Server timeout,3,30,20,-1,Anomaly
2024-09-30 21:34:51.772849,Access,system,Low,File deleted,1,30,21,-1,Anomaly
2024-09-30 22:18:51.772849,Error,john_doe,Low,Unauthorized access attempt,1,30,22,-1,Anomaly
2024-09-30 22:34:51.772849,Access,jane_doe,High,Viewed public document,3,30,22,-1,Anomaly
2024-10-01 00:22:51.772849,Access,admin,High,Unauthorized access attempt,3,1,0,-1,Anomaly
2024-10-01 00:27:51.772849,Error,admin,Medium,Viewed public document,2,1,0,-1,Anomaly
2024-10-01 00:42:51.772849,Access,jane_doe,Low,Failed login attempt,1,1,0,-1,Anomaly
2024-10-01 01:00:51.772849,Access,john_doe,Low,File uploaded,1,1,1,-1,Anomaly
2024-10-01 01:22:51.772849,Access,admin,Medium,File uploaded,2,1,1,-1,Anomaly
2024-10-01 01:32:51.772849,Error,system,High,Viewed public document,3,1,1,-1,Anomaly
2024-10-01 02:23:51.772849,Login,john_doe,High,Successful login,3,1,2,-1,Anomaly
2024-10-01 02:29:51.772849,Access,jane_doe,Low,Successful login,1,1,2,-1,Anomaly
2024-10-01 03:10:51.772849,Error,john_doe,High,Multiple failed logins detected,3,1,3,-1,Anomaly
2024-10-01 03:23:51.772849,Error,system,Low,File uploaded,1,1,3,-1,Anomaly
2024-10-01 04:24:51.772849,Login,john_doe,High,Viewed public document,3,1,4,-1,Anomaly
2024-10-01 07:02:51.772849,Access,system,High,Successful login,3,1,7,-1,Anomaly
2024-10-01 08:30:51.772849,Login,john_doe,Low,File uploaded,1,1,8,1,Normal
2024-10-01 09:48:51.772849,Login,system,High,Unauthorized access attempt,3,1,9,-1,Anomaly
2024-10-01 09:52:51.772849,Error,guest,Low,Successful login,1,1,9,1,Normal
2024-10-01 09:53:51.772849,Error,system,Low,Multiple failed logins detected,1,1,9,1,Normal
2024-10-01 10:56:51.772849,Login,guest,Low,File uploaded,1,1,10,1,Normal
2024-10-01 11:53:51.772849,Login,guest,High,File uploaded,3,1,11,-1,Anomaly
2024-10-01 12:02:51.772849,Access,john_doe,Low,Successful login,1,1,12,-1,Anomaly
2024-10-01 12:50:51.772849,Login,guest,Medium,Failed login attempt,2,1,12,1,Normal
2024-10-01 14:06:51.772849,Access,admin,Low,Multiple failed logins detected,1,1,14,-1,Anomaly
2024-10-01 14:50:51.772849,Error,admin,Medium,File deleted,2,1,14,1,Normal
2024-10-01 15:23:51.772849,Login,john_doe,Low,Accessed confidential file,1,1,15,-1,Anomaly
2024-10-01 16:22:51.772849,Access,john_doe,Low,Viewed public document,1,1,16,-1,Anomaly
2024-10-01 18:04:51.772849,Error,jane_doe,Medium,Viewed public document,2,1,18,1,Normal
2024-10-01 18:29:51.772849,Login,jane_doe,High,System reboot,3,1,18,-1,Anomaly
2024-10-01 18:44:51.772849,Error,system,Low,Failed login attempt,1,1,18,-1,Anomaly
2024-10-01 19:08:51.772849,Access,john_doe,High,Multiple failed logins detected,3,1,19,1,Normal
2024-10-01 19:14:51.772849,Error,guest,High,Successful login,3,1,19,1,Normal
2024-10-01 19:32:51.772849,Login,john_doe,High,Accessed confidential file,3,1,19,1,Normal
2024-10-01 20:40:51.772849,Login,system,Medium,Multiple failed logins detected,2,1,20,1,Normal
2024-10-01 21:53:51.772849,Access,jane_doe,High,File uploaded,3,1,21,-1,Anomaly
2024-10-01 22:09:51.772849,Login,guest,High,Server timeout,3,1,22,-1,Anomaly
2024-10-01 23:56:51.772849,Access,john_doe,Medium,Server timeout,2,1,23,-1,Anomaly
2024-10-02 00:40:51.772849,Access,system,Medium,Unauthorized access attempt,2,2,0,-1,Anomaly
2024-10-02 00:58:51.772849,Error,guest,Medium,Successful login,2,2,0,-1,Anomaly
2024-10-02 01:16:51.772849,Access,john_doe,Low,Failed login attempt,1,2,1,-1,Anomaly
2024-10-02 01:29:51.772849,Error,admin,Low,File deleted,1,2,1,-1,Anomaly
2024-10-02 02:28:51.772849,Access,jane_doe,Low,Multiple failed logins detected,1,2,2,-1,Anomaly
2024-10-02 03:06:51.772849,Access,john_doe,High,System reboot,3,2,3,-1,Anomaly
2024-10-02 04:26:51.772849,Error,system,High,Server timeout,3,2,4,-1,Anomaly
2024-10-02 05:23:51.772849,Login,system,High,Multiple failed logins detected,3,2,5,-1,Anomaly
2024-10-02 05:28:51.772849,Access,guest,Medium,Multiple failed logins detected,2,2,5,1,Normal
2024-10-02 05:34:51.772849,Access,system,Medium,File uploaded,2,2,5,1,Normal
2024-10-02 05:58:51.772849,Access,admin,Low,File deleted,1,2,5,1,Normal
2024-10-02 06:32:51.772849,Login,system,Low,File uploaded,1,2,6,1,Normal
2024-10-02 08:21:51.772849,Login,jane_doe,Low,Server timeout,1,2,8,1,Normal
2024-10-02 09:18:51.772849,Login,admin,High,Unauthorized access attempt,3,2,9,-1,Anomaly
2024-10-02 09:31:51.772849,Access,jane_doe,Medium,Viewed public document,2,2,9,1,Normal
2024-10-02 11:24:51.772849,Error,john_doe,Low,Viewed public document,1,2,11,1,Normal
2024-10-02 13:04:51.772849,Login,john_doe,High,Unauthorized access attempt,3,2,13,-1,Anomaly
2024-10-02 13:53:51.772849,Access,admin,Low,Accessed confidential file,1,2,13,1,Normal
2024-10-02 15:02:51.772849,Access,john_doe,Medium,Viewed public document,2,2,15,1,Normal
2024-10-02 15:45:51.772849,Access,jane_doe,High,Multiple failed logins detected,3,2,15,-1,Anomaly
2024-10-02 16:05:51.772849,Access,john_doe,Low,System reboot,1,2,16,-1,Anomaly
2024-10-02 17:22:51.772849,Access,admin,Medium,File uploaded,2,2,17,1,Normal
2024-10-02 18:02:51.772849,Access,jane_doe,High,File uploaded,3,2,18,1,Normal
2024-10-02 18:06:51.772849,Access,jane_doe,Medium,Server timeout,2,2,18,1,Normal
2024-10-02 20:08:51.772849,Access,guest,Medium,Viewed public document,2,2,20,1,Normal
2024-10-02 20:49:51.772849,Error,guest,High,File deleted,3,2,20,-1,Anomaly
2024-10-02 21:23:51.772849,Access,admin,Low,System reboot,1,2,21,-1,Anomaly
2024-10-02 21:53:51.772849,Error,guest,Medium,Accessed confidential file,2,2,21,1,Normal
2024-10-03 00:39:51.772849,Login,system,High,System reboot,3,3,0,-1,Anomaly
2024-10-03 01:56:51.772849,Error,jane_doe,High,Accessed confidential file,3,3,1,-1,Anomaly
2024-10-03 04:00:51.772849,Login,jane_doe,Low,Multiple failed logins detected,1,3,4,1,Normal
2024-10-03 04:50:51.772849,Error,jane_doe,Medium,Unauthorized access attempt,2,3,4,1,Normal
2024-10-03 04:59:51.772849,Login,guest,Low,Successful login,1,3,4,1,Normal
2024-10-03 05:13:51.772849,Login,admin,Medium,Unauthorized access attempt,2,3,5,1,Normal
2024-10-03 05:26:51.772849,Login,guest,Medium,Viewed public document,2,3,5,1,Normal
2024-10-03 06:18:51.772849,Login,guest,Medium,Viewed public document,2,3,6,1,Normal
2024-10-03 07:39:51.772849,Login,guest,Low,Successful login,1,3,7,1,Normal
2024-10-03 08:07:51.772849,Error,jane_doe,Medium,Multiple failed logins detected,2,3,8,1,Normal
2024-10-03 08:19:51.772849,Error,jane_doe,Low,Viewed public document,1,3,8,1,Normal
2024-10-03 12:45:51.772849,Login,guest,Low,Failed login attempt,1,3,12,1,Normal
2024-10-03 12:54:51.772849,Error,jane_doe,High,Failed login attempt,3,3,12,1,Normal
2024-10-03 13:06:51.772849,Access,system,Low,Unauthorized access attempt,1,3,13,1,Normal
2024-10-03 13:27:51.772849,Error,john_doe,Medium,Unauthorized access attempt,2,3,13,1,Normal
2024-10-03 14:10:51.772849,Access,system,Medium,Multiple failed logins detected,2,3,14,1,Normal
2024-10-03 14:35:51.772849,Login,guest,Low,Multiple failed logins detected,1,3,14,1,Normal
2024-10-03 17:42:51.772849,Error,jane_doe,High,Unauthorized access attempt,3,3,17,1,Normal
2024-10-03 18:14:51.772849,Login,system,Medium,System reboot,2,3,18,1,Normal
2024-10-03 19:46:51.772849,Access,system,Medium,File uploaded,2,3,19,1,Normal
2024-10-03 23:17:51.772849,Login,jane_doe,Medium,Accessed confidential file,2,3,23,1,Normal
2024-10-03 23:46:51.772849,Login,john_doe,High,System reboot,3,3,23,-1,Anomaly
2024-10-03 23:47:51.772849,Access,system,High,Unauthorized access attempt,3,3,23,-1,Anomaly
2024-10-03 23:54:51.772849,Login,system,Low,Accessed confidential file,1,3,23,-1,Anomaly
2024-10-03 23:56:51.772849,Login,guest,Medium,System reboot,2,3,23,1,Normal
2024-10-03 23:57:51.772849,Access,john_doe,Low,Viewed public document,1,3,23,-1,Anomaly
2024-10-04 00:17:51.772849,Access,guest,Low,Multiple failed logins detected,1,4,0,-1,Anomaly
2024-10-04 00:48:51.772849,Error,jane_doe,Low,Multiple failed logins detected,1,4,0,-1,Anomaly
2024-10-04 01:01:51.772849,Error,admin,High,Viewed public document,3,4,1,-1,Anomaly
2024-10-04 01:18:51.772849,Login,admin,Low,System reboot,1,4,1,-1,Anomaly
2024-10-04 01:18:51.772849,Error,admin,High,Unauthorized access attempt,3,4,1,-1,Anomaly
2024-10-04 02:39:51.772849,Access,admin,Low,System reboot,1,4,2,1,Normal
2024-10-04 03:40:51.772849,Error,guest,High,System reboot,3,4,3,1,Normal
2024-10-04 04:12:51.772849,Login,jane_doe,Medium,Unauthorized access attempt,2,4,4,1,Normal
2024-10-04 05:14:51.772849,Access,john_doe,Low,File deleted,1,4,5,1,Normal
2024-10-04 06:06:51.772849,Access,john_doe,Low,Viewed public document,1,4,6,1,Normal
2024-10-04 06:34:51.772849,Error,admin,High,Successful login,3,4,6,1,Normal
2024-10-04 10:34:51.772849,Login,admin,Low,File uploaded,1,4,10,1,Normal
2024-10-04 11:14:51.772849,Login,system,Low,File uploaded,1,4,11,1,Normal
2024-10-04 11:48:51.772849,Login,guest,High,Server timeout,3,4,11,1,Normal
2024-10-04 12:16:51.772849,Error,system,High,Viewed public document,3,4,12,1,Normal
2024-10-04 16:12:51.772849,Error,guest,Medium,Failed login attempt,2,4,16,1,Normal
2024-10-04 17:58:51.772849,Login,guest,Medium,Server timeout,2,4,17,1,Normal
2024-10-04 18:08:51.772849,Access,jane_doe,High,System reboot,3,4,18,1,Normal
2024-10-04 19:05:51.772849,Error,jane_doe,Medium,Multiple failed logins detected,2,4,19,1,Normal
2024-10-04 21:03:51.772849,Error,jane_doe,Medium,File deleted,2,4,21,1,Normal
2024-10-04 21:38:51.772849,Login,jane_doe,Medium,Accessed confidential file,2,4,21,1,Normal
2024-10-04 22:05:51.772849,Access,admin,High,File deleted,3,4,22,1,Normal
2024-10-04 22:21:51.772849,Login,jane_doe,High,Multiple failed logins detected,3,4,22,1,Normal
2024-10-04 22:23:51.772849,Login,jane_doe,High,Successful login,3,4,22,1,Normal
2024-10-04 23:14:51.772849,Error,guest,Medium,Viewed public document,2,4,23,1,Normal
2024-10-04 23:30:51.772849,Access,admin,Low,File uploaded,1,4,23,-1,Anomaly
2024-10-04 23:52:51.772849,Login,system,Low,Successful login,1,4,23,-1,Anomaly
2024-10-05 00:00:51.772849,Login,admin,Medium,Server timeout,2,5,0,1,Normal
2024-10-05 01:21:51.772849,Access,john_doe,Medium,File deleted,2,5,1,1,Normal
2024-10-05 01:28:51.772849,Error,john_doe,High,File uploaded,3,5,1,1,Normal
2024-10-05 01:36:51.772849,Access,jane_doe,Medium,Unauthorized access attempt,2,5,1,1,Normal
2024-10-05 02:51:51.772849,Error,guest,High,Server timeout,3,5,2,1,Normal
2024-10-05 03:18:51.772849,Error,jane_doe,High,Successful login,3,5,3,1,Normal
2024-10-05 03:27:51.772849,Access,admin,Low,Successful login,1,5,3,1,Normal
2024-10-05 03:32:51.772849,Access,system,Low,File uploaded,1,5,3,1,Normal
2024-10-05 05:22:51.772849,Access,system,Low,File deleted,1,5,5,1,Normal
2024-10-05 05:42:51.772849,Error,jane_doe,Medium,Viewed public document,2,5,5,1,Normal
2024-10-05 05:44:51.772849,Access,guest,Medium,Multiple failed logins detected,2,5,5,1,Normal
2024-10-05 05:45:51.772849,Login,admin,Medium,Multiple failed logins detected,2,5,5,1,Normal
2024-10-05 06:27:51.772849,Access,jane_doe,High,Multiple failed logins detected,3,5,6,1,Normal
2024-10-05 07:02:51.772849,Login,system,Medium,System reboot,2,5,7,1,Normal
2024-10-05 07:51:51.772849,Access,system,High,Unauthorized access attempt,3,5,7,1,Normal
2024-10-05 07:54:51.772849,Access,system,High,Unauthorized access attempt,3,5,7,1,Normal
2024-10-05 08:02:51.772849,Access,guest,Low,File deleted,1,5,8,1,Normal
2024-10-05 10:51:51.772849,Access,admin,High,Accessed confidential file,3,5,10,1,Normal
2024-10-05 11:27:51.772849,Error,john_doe,Medium,Server timeout,2,5,11,1,Normal
2024-10-05 11:32:51.772849,Error,jane_doe,Medium,Unauthorized access attempt,2,5,11,1,Normal
2024-10-05 12:10:51.772849,Error,john_doe,High,File uploaded,3,5,12,1,Normal
2024-10-05 13:12:51.772849,Access,guest,High,Server timeout,3,5,13,1,Normal
2024-10-05 14:30:51.772849,Login,john_doe,High,Successful login,3,5,14,1,Normal
2024-10-05 14:58:51.772849,Login,john_doe,Medium,Successful login,2,5,14,1,Normal
2024-10-05 15:58:51.772849,Error,guest,Medium,Server timeout,2,5,15,1,Normal
2024-10-05 16:24:51.772849,Access,system,Low,Successful login,1,5,16,1,Normal
2024-10-05 19:30:51.772849,Access,jane_doe,High,File deleted,3,5,19,1,Normal
2024-10-05 19:44:51.772849,Error,guest,Medium,Server timeout,2,5,19,1,Normal
2024-10-05 20:03:51.772849,Login,jane_doe,Medium,File uploaded,2,5,20,1,Normal
2024-10-05 20:38:51.772849,Error,guest,Low,File deleted,1,5,20,1,Normal
2024-10-05 20:44:51.772849,Login,john_doe,High,System reboot,3,5,20,1,Normal
2024-10-05 21:04:51.772849,Error,guest,Low,File deleted,1,5,21,1,Normal
2024-10-05 22:17:51.772849,Error,guest,High,Viewed public document,3,5,22,1,Normal
2024-10-05 22:38:51.772849,Error,system,Medium,File uploaded,2,5,22,1,Normal
2024-10-05 22:41:51.772849,Error,john_doe,Medium,Server timeout,2,5,22,1,Normal
2024-10-05 22:56:51.772849,Access,system,High,Failed login attempt,3,5,22,1,Normal
2024-10-05 23:26:51.772849,Error,system,Medium,Server timeout,2,5,23,1,Normal
2024-10-05 23:52:51.772849,Error,guest,Low,File deleted,1,5,23,-1,Anomaly
2024-10-06 00:00:51.772849,Error,system,High,File deleted,3,6,0,-1,Anomaly
2024-10-06 00:29:51.772849,Login,admin,Low,Accessed confidential file,1,6,0,-1,Anomaly
2024-10-06 00:29:51.772849,Login,guest,High,Accessed confidential file,3,6,0,-1,Anomaly
2024-10-06 02:11:51.772849,Login,john_doe,High,Failed login attempt,3,6,2,1,Normal
2024-10-06 02:12:51.772849,Access,jane_doe,Low,File deleted,1,6,2,1,Normal
2024-10-06 02:35:51.772849,Error,guest,Medium,Successful login,2,6,2,1,Normal
2024-10-06 03:56:51.772849,Login,john_doe,Medium,File uploaded,2,6,3,1,Normal
2024-10-06 04:58:51.772849,Login,admin,Low,Viewed public document,1,6,4,1,Normal
2024-10-06 05:44:51.772849,Access,system,Low,File uploaded,1,6,5,1,Normal
2024-10-06 05:47:51.772849,Access,jane_doe,Low,Accessed confidential file,1,6,5,1,Normal
2024-10-06 05:59:51.772849,Access,john_doe,High,Viewed public document,3,6,5,1,Normal
2024-10-06 06:13:51.772849,Error,john_doe,Low,File uploaded,1,6,6,1,Normal
2024-10-06 07:16:51.772849,Error,john_doe,Medium,File uploaded,2,6,7,1,Normal
2024-10-06 07:23:51.772849,Login,system,High,File deleted,3,6,7,1,Normal
2024-10-06 08:39:51.772849,Error,jane_doe,Low,Successful login,1,6,8,1,Normal
2024-10-06 08:55:51.772849,Login,guest,Medium,Unauthorized access attempt,2,6,8,1,Normal
2024-10-06 09:43:51.772849,Login,admin,Low,Accessed confidential file,1,6,9,1,Normal
2024-10-06 11:21:51.772849,Access,jane_doe,Medium,File deleted,2,6,11,1,Normal
2024-10-06 12:29:51.772849,Error,john_doe,Low,Unauthorized access attempt,1,6,12,1,Normal
2024-10-06 12:42:51.772849,Login,john_doe,Medium,Failed login attempt,2,6,12,1,Normal
2024-10-06 13:30:51.772849,Error,john_doe,High,Failed login attempt,3,6,13,1,Normal
2024-10-06 13:35:51.772849,Login,system,High,File deleted,3,6,13,1,Normal
2024-10-06 13:52:51.772849,Error,admin,High,File deleted,3,6,13,1,Normal
2024-10-06 13:56:51.772849,Login,guest,Low,Server timeout,1,6,13,1,Normal
2024-10-06 14:07:51.772849,Login,john_doe,Medium,Multiple failed logins detected,2,6,14,1,Normal
2024-10-06 14:29:51.772849,Error,system,Medium,System reboot,2,6,14,1,Normal
2024-10-06 15:58:51.772849,Error,system,High,System reboot,3,6,15,1,Normal
2024-10-06 16:21:51.772849,Login,system,Low,Viewed public document,1,6,16,1,Normal
2024-10-06 16:26:51.772849,Login,jane_doe,High,Server timeout,3,6,16,1,Normal
2024-10-06 17:30:51.772849,Login,john_doe,Low,Accessed confidential file,1,6,17,1,Normal
2024-10-06 18:17:51.772849,Error,jane_doe,Low,File deleted,1,6,18,1,Normal
2024-10-06 18:56:51.772849,Error,john_doe,Medium,System reboot,2,6,18,1,Normal
2024-10-06 20:22:51.772849,Error,jane_doe,Medium,Unauthorized access attempt,2,6,20,1,Normal
2024-10-06 20:26:51.772849,Error,admin,High,Unauthorized access attempt,3,6,20,1,Normal
2024-10-06 20:47:51.772849,Access,john_doe,Low,Unauthorized access attempt,1,6,20,1,Normal
2024-10-06 20:51:51.772849,Access,guest,Low,Viewed public document,1,6,20,1,Normal
2024-10-06 21:14:51.772849,Login,john_doe,High,Failed login attempt,3,6,21,1,Normal
2024-10-06 21:24:51.772849,Error,system,Low,System reboot,1,6,21,1,Normal
2024-10-06 21:51:51.772849,Error,admin,High,File deleted,3,6,21,1,Normal
2024-10-07 00:53:51.772849,Login,system,Low,Failed login attempt,1,7,0,-1,Anomaly
2024-10-07 03:21:51.772849,Access,system,Low,Server timeout,1,7,3,1,Normal
2024-10-07 03:50:51.772849,Access,john_doe,Medium,Successful login,2,7,3,1,Normal
2024-10-07 04:29:51.772849,Login,admin,Medium,Accessed confidential file,2,7,4,1,Normal
2024-10-07 05:25:51.772849,Access,system,Low,Successful login,1,7,5,1,Normal
2024-10-07 05:54:51.772849,Login,admin,High,File uploaded,3,7,5,1,Normal
2024-10-07 05:54:51.772849,Login,guest,Medium,Successful login,2,7,5,1,Normal
2024-10-07 06:13:51.772849,Error,jane_doe,High,Successful login,3,7,6,1,Normal
2024-10-07 06:58:51.772849,Error,admin,Medium,File deleted,2,7,6,1,Normal
2024-10-07 09:04:51.772849,Error,jane_doe,Medium,File uploaded,2,7,9,1,Normal
2024-10-07 09:25:51.772849,Error,jane_doe,Low,Accessed confidential file,1,7,9,1,Normal
2024-10-07 09:26:51.772849,Access,jane_doe,Low,Server timeout,1,7,9,1,Normal
2024-10-07 09:45:51.772849,Error,guest,Low,System reboot,1,7,9,1,Normal
2024-10-07 10:29:51.772849,Access,admin,Low,Viewed public document,1,7,10,1,Normal
2024-10-07 10:37:51.772849,Error,admin,Medium,Server timeout,2,7,10,1,Normal
2024-10-07 10:49:51.772849,Access,guest,Medium,System reboot,2,7,10,1,Normal
2024-10-07 11:16:51.772849,Error,jane_doe,Medium,Accessed confidential file,2,7,11,1,Normal
2024-10-07 12:24:51.772849,Error,system,Low,Server timeout,1,7,12,1,Normal
2024-10-07 13:14:51.772849,Error,john_doe,High,File uploaded,3,7,13,1,Normal
2024-10-07 14:24:51.772849,Error,guest,High,Server timeout,3,7,14,1,Normal
2024-10-07 15:01:51.772849,Login,jane_doe,High,Successful login,3,7,15,1,Normal
2024-10-07 15:38:51.772849,Access,guest,Medium,Failed login attempt,2,7,15,1,Normal
2024-10-07 15:59:51.772849,Access,system,Low,Viewed public document,1,7,15,1,Normal
2024-10-07 16:36:51.772849,Error,jane_doe,High,Failed login attempt,3,7,16,1,Normal
2024-10-07 18:07:51.772849,Access,admin,Medium,Successful login,2,7,18,1,Normal
2024-10-07 18:26:51.772849,Access,guest,Medium,Multiple failed logins detected,2,7,18,1,Normal
2024-10-07 18:44:51.772849,Error,admin,Medium,Accessed confidential file,2,7,18,1,Normal
2024-10-07 19:08:51.772849,Error,jane_doe,Medium,Viewed public document,2,7,19,1,Normal
2024-10-07 21:14:51.772849,Error,admin,Medium,Unauthorized access attempt,2,7,21,1,Normal
2024-10-07 21:20:51.772849,Error,admin,High,Multiple failed logins detected,3,7,21,1,Normal
2024-10-07 21:25:51.772849,Error,guest,Low,Failed login attempt,1,7,21,1,Normal
2024-10-07 21:35:51.772849,Access,guest,Medium,File deleted,2,7,21,1,Normal
2024-10-07 21:43:51.772849,Login,guest,Low,Unauthorized access attempt,1,7,21,1,Normal
2024-10-07 21:46:51.772849,Login,admin,Medium,Viewed public document,2,7,21,1,Normal
2024-10-07 22:44:51.772849,Login,system,Low,File deleted,1,7,22,1,Normal
2024-10-07 23:56:51.772849,Error,john_doe,Low,Server timeout,1,7,23,1,Normal
2024-10-08 00:20:51.772849,Access,guest,Low,Server timeout,1,8,0,-1,Anomaly
2024-10-08 01:04:51.772849,Login,admin,High,Successful login,3,8,1,1,Normal
2024-10-08 01:46:51.772849,Login,admin,High,Accessed confidential file,3,8,1,1,Normal
2024-10-08 02:32:51.772849,Login,guest,Medium,Unauthorized access attempt,2,8,2,1,Normal
2024-10-08 03:06:51.772849,Login,guest,Low,File uploaded,1,8,3,1,Normal
2024-10-08 03:12:51.772849,Login,guest,High,File uploaded,3,8,3,1,Normal
2024-10-08 03:32:51.772849,Login,john_doe,High,Successful login,3,8,3,1,Normal
2024-10-08 03:44:51.772849,Login,admin,Medium,File deleted,2,8,3,1,Normal
2024-10-08 03:57:51.772849,Login,guest,High,Unauthorized access attempt,3,8,3,1,Normal
2024-10-08 06:06:51.772849,Access,admin,Medium,Unauthorized access attempt,2,8,6,1,Normal
2024-10-08 06:26:51.772849,Login,system,Low,File uploaded,1,8,6,1,Normal
2024-10-08 06:40:51.772849,Error,john_doe,Low,Failed login attempt,1,8,6,1,Normal
2024-10-08 06:45:51.772849,Login,system,Low,Accessed confidential file,1,8,6,1,Normal
2024-10-08 07:05:51.772849,Error,guest,Low,File deleted,1,8,7,1,Normal
2024-10-08 08:18:51.772849,Error,guest,Medium,Failed login attempt,2,8,8,1,Normal
2024-10-08 08:48:51.772849,Access,john_doe,High,File uploaded,3,8,8,1,Normal
2024-10-08 08:58:51.772849,Login,john_doe,High,Successful login,3,8,8,1,Normal
2024-10-08 09:51:51.772849,Login,john_doe,Low,File deleted,1,8,9,1,Normal
2024-10-08 10:36:51.772849,Access,guest,Low,Server timeout,1,8,10,1,Normal
2024-10-08 10:49:51.772849,Login,system,Low,Accessed confidential file,1,8,10,1,Normal
2024-10-08 11:38:51.772849,Login,system,High,Multiple failed logins detected,3,8,11,1,Normal
2024-10-08 12:43:51.772849,Access,john_doe,Medium,Viewed public document,2,8,12,1,Normal
2024-10-08 15:36:51.772849,Login,john_doe,Low,Multiple failed logins detected,1,8,15,1,Normal
2024-10-08 17:56:51.772849,Access,guest,Low,Successful login,1,8,17,1,Normal
2024-10-08 18:42:51.772849,Access,john_doe,High,File deleted,3,8,18,1,Normal
2024-10-08 19:08:51.772849,Error,admin,Medium,Unauthorized access attempt,2,8,19,1,Normal
2024-10-08 20:02:51.772849,Access,system,Low,File deleted,1,8,20,1,Normal
2024-10-08 20:16:51.772849,Error,john_doe,Low,Multiple failed logins detected,1,8,20,1,Normal
2024-10-08 20:17:51.772849,Login,system,High,Accessed confidential file,3,8,20,1,Normal
2024-10-08 20:39:51.772849,Error,system,Medium,Successful login,2,8,20,1,Normal
2024-10-08 21:24:51.772849,Error,admin,Medium,Multiple failed logins detected,2,8,21,1,Normal
2024-10-08 22:22:51.772849,Error,system,Medium,Multiple failed logins detected,2,8,22,1,Normal
2024-10-08 23:06:51.772849,Error,admin,Medium,Successful login,2,8,23,1,Normal
2024-10-08 23:26:51.772849,Error,system,Low,Unauthorized access attempt,1,8,23,1,Normal
2024-10-08 23:29:51.772849,Access,guest,Medium,Multiple failed logins detected,2,8,23,1,Normal
2024-10-08 23:31:51.772849,Error,guest,Low,File deleted,1,8,23,1,Normal
2024-10-09 01:15:51.772849,Error,guest,Low,Accessed confidential file,1,9,1,1,Normal
2024-10-09 01:56:51.772849,Login,john_doe,High,Successful login,3,9,1,1,Normal
2024-10-09 02:00:51.772849,Login,system,Medium,Unauthorized access attempt,2,9,2,1,Normal
2024-10-09 02:55:51.772849,Access,john_doe,Low,File uploaded,1,9,2,1,Normal
2024-10-09 02:57:51.772849,Access,system,Low,Viewed public document,1,9,2,1,Normal
2024-10-09 04:53:51.772849,Error,guest,High,Successful login,3,9,4,1,Normal
2024-10-09 05:11:51.772849,Error,guest,Medium,Unauthorized access attempt,2,9,5,1,Normal
2024-10-09 05:44:51.772849,Login,jane_doe,Low,File uploaded,1,9,5,1,Normal
2024-10-09 05:49:51.772849,Error,guest,Medium,File uploaded,2,9,5,1,Normal
2024-10-09 07:01:51.772849,Login,guest,High,Server timeout,3,9,7,1,Normal
2024-10-09 11:07:51.772849,Error,john_doe,High,System reboot,3,9,11,1,Normal
2024-10-09 12:28:51.772849,Login,john_doe,Medium,Unauthorized access attempt,2,9,12,1,Normal
2024-10-09 12:36:51.772849,Error,admin,Medium,Accessed confidential file,2,9,12,1,Normal
2024-10-09 15:04:51.772849,Login,jane_doe,Low,Failed login attempt,1,9,15,1,Normal
2024-10-09 17:11:51.772849,Access,guest,High,System reboot,3,9,17,1,Normal
2024-10-09 17:48:51.772849,Access,guest,High,Viewed public document,3,9,17,1,Normal
2024-10-09 17:52:51.772849,Login,jane_doe,Low,System reboot,1,9,17,1,Normal
2024-10-09 18:23:51.772849,Access,guest,High,Viewed public document,3,9,18,1,Normal
2024-10-09 18:28:51.772849,Error,jane_doe,High,Failed login attempt,3,9,18,1,Normal
2024-10-09 19:44:51.772849,Access,system,Medium,Server timeout,2,9,19,1,Normal
2024-10-09 20:20:51.772849,Access,system,High,File uploaded,3,9,20,1,Normal
2024-10-09 20:21:51.772849,Error,john_doe,High,Successful login,3,9,20,1,Normal
2024-10-09 20:31:51.772849,Error,guest,Low,Failed login attempt,1,9,20,1,Normal
2024-10-09 22:14:51.772849,Error,guest,High,System reboot,3,9,22,1,Normal
2024-10-09 22:22:51.772849,Access,system,High,Unauthorized access attempt,3,9,22,1,Normal
2024-10-10 00:10:51.772849,Login,jane_doe,Medium,Unauthorized access attempt,2,10,0,1,Normal
2024-10-10 00:26:51.772849,Login,john_doe,Medium,System reboot,2,10,0,1,Normal
2024-10-10 03:25:51.772849,Access,admin,High,File uploaded,3,10,3,1,Normal
2024-10-10 03:54:51.772849,Login,admin,Low,Viewed public document,1,10,3,1,Normal
2024-10-10 04:50:51.772849,Access,jane_doe,Medium,Failed login attempt,2,10,4,1,Normal
2024-10-10 06:07:51.772849,Error,jane_doe,Medium,Server timeout,2,10,6,1,Normal
2024-10-10 07:09:51.772849,Login,jane_doe,Low,Accessed confidential file,1,10,7,1,Normal
2024-10-10 07:34:51.772849,Error,admin,High,Accessed confidential file,3,10,7,1,Normal
2024-10-10 08:06:51.772849,Error,system,Low,Unauthorized access attempt,1,10,8,1,Normal
2024-10-10 08:40:51.772849,Login,jane_doe,High,Multiple failed logins detected,3,10,8,1,Normal
2024-10-10 09:43:51.772849,Error,system,High,File deleted,3,10,9,1,Normal
2024-10-10 11:13:51.772849,Error,system,High,File deleted,3,10,11,1,Normal
2024-10-10 11:43:51.772849,Access,jane_doe,High,Server timeout,3,10,11,1,Normal
2024-10-10 12:37:51.772849,Error,john_doe,High,Multiple failed logins detected,3,10,12,1,Normal
2024-10-10 12:51:51.772849,Access,jane_doe,High,File deleted,3,10,12,1,Normal
2024-10-10 14:52:51.772849,Access,john_doe,Medium,Accessed confidential file,2,10,14,1,Normal
2024-10-10 18:11:51.772849,Error,admin,Low,Unauthorized access attempt,1,10,18,1,Normal
2024-10-10 19:34:51.772849,Access,system,Medium,Accessed confidential file,2,10,19,1,Normal
2024-10-10 19:46:51.772849,Access,guest,High,Viewed public document,3,10,19,1,Normal
2024-10-10 21:07:51.772849,Error,admin,High,Failed login attempt,3,10,21,1,Normal
2024-10-10 21:44:51.772849,Access,guest,Low,Accessed confidential file,1,10,21,1,Normal
2024-10-10 21:57:51.772849,Access,system,Medium,File deleted,2,10,21,1,Normal
2024-10-10 21:58:51.772849,Access,jane_doe,Low,File uploaded,1,10,21,1,Normal
2024-10-10 23:41:51.772849,Access,john_doe,Medium,Server timeout,2,10,23,1,Normal
2024-10-10 23:43:51.772849,Error,guest,High,Accessed confidential file,3,10,23,1,Normal
2024-10-11 01:14:51.772849,Access,guest,Low,System reboot,1,11,1,1,Normal
2024-10-11 01:15:51.772849,Login,john_doe,High,Multiple failed logins detected,3,11,1,1,Normal
2024-10-11 01:15:51.772849,Login,guest,Medium,Unauthorized access attempt,2,11,1,1,Normal
2024-10-11 03:08:51.772849,Access,system,Medium,Failed login attempt,2,11,3,1,Normal
2024-10-11 03:31:51.772849,Access,guest,Low,File deleted,1,11,3,1,Normal
2024-10-11 03:32:51.772849,Access,guest,Low,Accessed confidential file,1,11,3,1,Normal
2024-10-11 03:36:51.772849,Error,guest,High,Successful login,3,11,3,1,Normal
2024-10-11 04:20:51.772849,Access,jane_doe,Low,File uploaded,1,11,4,1,Normal
2024-10-11 05:04:51.772849,Error,john_doe,High,File deleted,3,11,5,1,Normal
2024-10-11 05:39:51.772849,Error,system,Medium,Server timeout,2,11,5,1,Normal
2024-10-11 05:42:51.772849,Access,admin,High,Viewed public document,3,11,5,1,Normal
2024-10-11 05:57:51.772849,Login,john_doe,Medium,Server timeout,2,11,5,1,Normal
2024-10-11 06:32:51.772849,Error,jane_doe,High,Unauthorized access attempt,3,11,6,1,Normal
2024-10-11 06:49:51.772849,Access,john_doe,High,Server timeout,3,11,6,1,Normal
2024-10-11 06:53:51.772849,Error,jane_doe,Medium,Successful login,2,11,6,1,Normal
2024-10-11 06:58:51.772849,Access,system,Medium,Successful login,2,11,6,1,Normal
2024-10-11 07:01:51.772849,Login,guest,High,Unauthorized access attempt,3,11,7,1,Normal
2024-10-11 07:38:51.772849,Access,system,Low,Failed login attempt,1,11,7,1,Normal
2024-10-11 07:49:51.772849,Error,john_doe,High,File uploaded,3,11,7,1,Normal
2024-10-11 08:17:51.772849,Login,admin,High,Unauthorized access attempt,3,11,8,1,Normal
2024-10-11 10:03:51.772849,Login,jane_doe,High,Multiple failed logins detected,3,11,10,1,Normal
2024-10-11 10:29:51.772849,Access,john_doe,Low,Multiple failed logins detected,1,11,10,1,Normal
2024-10-11 10:30:51.772849,Login,admin,High,Successful login,3,11,10,1,Normal
2024-10-11 11:10:51.772849,Error,john_doe,Low,Viewed public document,1,11,11,1,Normal
2024-10-11 12:38:51.772849,Access,guest,Medium,System reboot,2,11,12,1,Normal
2024-10-11 13:03:51.772849,Error,admin,Low,File deleted,1,11,13,1,Normal
2024-10-11 13:31:51.772849,Error,admin,Medium,Viewed public document,2,11,13,1,Normal
2024-10-11 13:45:51.772849,Access,john_doe,Low,File uploaded,1,11,13,1,Normal
2024-10-11 14:21:51.772849,Access,john_doe,Medium,Server timeout,2,11,14,1,Normal
2024-10-11 16:15:51.772849,Access,guest,High,Multiple failed logins detected,3,11,16,1,Normal
2024-10-11 16:19:51.772849,Error,system,High,System reboot,3,11,16,1,Normal
2024-10-11 18:21:51.772849,Error,john_doe,Medium,File deleted,2,11,18,1,Normal
2024-10-11 18:41:51.772849,Login,jane_doe,High,Viewed public document,3,11,18,1,Normal
2024-10-11 18:56:51.772849,Login,jane_doe,Low,Failed login attempt,1,11,18,1,Normal
2024-10-11 19:00:51.772849,Error,jane_doe,High,System reboot,3,11,19,1,Normal
2024-10-11 20:24:51.772849,Login,john_doe,High,Unauthorized access attempt,3,11,20,1,Normal
2024-10-11 20:45:51.772849,Error,admin,High,Server timeout,3,11,20,1,Normal
2024-10-11 20:48:51.772849,Error,guest,Medium,File uploaded,2,11,20,1,Normal
2024-10-11 21:20:51.772849,Error,guest,Low,Successful login,1,11,21,1,Normal
2024-10-11 22:06:51.772849,Error,guest,Low,Unauthorized access attempt,1,11,22,1,Normal
2024-10-11 22:06:51.772849,Login,admin,High,System reboot,3,11,22,1,Normal
2024-10-11 22:14:51.772849,Login,guest,Low,Multiple failed logins detected,1,11,22,1,Normal
2024-10-11 22:22:51.772849,Access,guest,Medium,File deleted,2,11,22,1,Normal
2024-10-11 22:51:51.772849,Access,system,Low,Multiple failed logins detected,1,11,22,1,Normal
2024-10-11 23:23:51.772849,Access,john_doe,Low,Viewed public document,1,11,23,1,Normal
2024-10-11 23:36:51.772849,Access,system,Low,Multiple failed logins detected,1,11,23,1,Normal
2024-10-12 00:14:51.772849,Access,john_doe,High,File deleted,3,12,0,-1,Anomaly
2024-10-12 00:52:51.772849,Access,admin,High,Multiple failed logins detected,3,12,0,-1,Anomaly
2024-10-12 00:54:51.772849,Error,john_doe,Medium,Viewed public document,2,12,0,1,Normal
2024-10-12 02:10:51.772849,Error,john_doe,High,Server timeout,3,12,2,1,Normal
2024-10-12 02:40:51.772849,Error,jane_doe,Medium,Server timeout,2,12,2,1,Normal
2024-10-12 03:23:51.772849,Error,jane_doe,Medium,Viewed public document,2,12,3,1,Normal
2024-10-12 04:19:51.772849,Access,jane_doe,Low,Accessed confidential file,1,12,4,1,Normal
2024-10-12 05:22:51.772849,Access,system,Medium,System reboot,2,12,5,1,Normal
2024-10-12 06:29:51.772849,Error,guest,Low,File deleted,1,12,6,1,Normal
2024-10-12 06:51:51.772849,Access,john_doe,High,Accessed confidential file,3,12,6,1,Normal
2024-10-12 06:59:51.772849,Error,system,Low,Failed login attempt,1,12,6,1,Normal
2024-10-12 08:36:51.772849,Access,system,Medium,Viewed public document,2,12,8,1,Normal
2024-10-12 08:46:51.772849,Error,admin,High,Failed login attempt,3,12,8,1,Normal
2024-10-12 09:50:51.772849,Login,admin,Low,Multiple failed logins detected,1,12,9,1,Normal
2024-10-12 10:17:51.772849,Error,guest,High,Accessed confidential file,3,12,10,1,Normal
2024-10-12 11:12:51.772849,Access,system,Low,Unauthorized access attempt,1,12,11,1,Normal
2024-10-12 11:58:51.772849,Error,system,Low,File deleted,1,12,11,1,Normal
2024-10-12 13:20:51.772849,Login,guest,Medium,Successful login,2,12,13,1,Normal
2024-10-12 13:32:51.772849,Error,admin,Low,Multiple failed logins detected,1,12,13,1,Normal
2024-10-12 14:55:51.772849,Error,system,High,Failed login attempt,3,12,14,1,Normal
2024-10-12 15:26:51.772849,Login,admin,Low,Failed login attempt,1,12,15,1,Normal
2024-10-12 15:33:51.772849,Access,john_doe,Low,System reboot,1,12,15,1,Normal
2024-10-12 16:04:51.772849,Login,system,High,System reboot,3,12,16,1,Normal
2024-10-12 16:15:51.772849,Access,jane_doe,Low,Successful login,1,12,16,1,Normal
2024-10-12 17:33:51.772849,Access,guest,Medium,System reboot,2,12,17,1,Normal
2024-10-12 20:51:51.772849,Access,admin,High,Server timeout,3,12,20,1,Normal
2024-10-12 22:06:51.772849,Access,admin,High,Failed login attempt,3,12,22,1,Normal
2024-10-12 22:37:51.772849,Login,jane_doe,High,System reboot,3,12,22,1,Normal
2024-10-12 22:38:51.772849,Error,system,Low,Unauthorized access attempt,1,12,22,1,Normal
2024-10-12 22:45:51.772849,Access,system,Low,Failed login attempt,1,12,22,1,Normal
2024-10-12 23:12:51.772849,Access,system,High,Successful login,3,12,23,1,Normal
2024-10-12 23:14:51.772849,Login,system,High,Failed login attempt,3,12,23,1,Normal
2024-10-12 23:37:51.772849,Error,guest,Low,File deleted,1,12,23,1,Normal
2024-10-13 00:05:51.772849,Access,guest,Medium,Server timeout,2,13,0,1,Normal
2024-10-13 00:27:51.772849,Login,admin,Medium,Multiple failed logins detected,2,13,0,1,Normal
2024-10-13 01:54:51.772849,Access,john_doe,High,Successful login,3,13,1,1,Normal
2024-10-13 02:10:51.772849,Login,john_doe,Medium,Viewed public document,2,13,2,1,Normal
2024-10-13 02:27:51.772849,Error,system,High,Accessed confidential file,3,13,2,1,Normal
2024-10-13 03:19:51.772849,Login,system,Medium,Successful login,2,13,3,1,Normal
2024-10-13 03:59:51.772849,Login,jane_doe,Low,Successful login,1,13,3,1,Normal
2024-10-13 05:02:51.772849,Login,jane_doe,High,Successful login,3,13,5,1,Normal
2024-10-13 06:05:51.772849,Login,system,Low,Multiple failed logins detected,1,13,6,1,Normal
2024-10-13 07:12:51.772849,Error,john_doe,Medium,Unauthorized access attempt,2,13,7,1,Normal
2024-10-13 07:21:51.772849,Access,guest,Low,Server timeout,1,13,7,1,Normal
2024-10-13 07:48:51.772849,Error,guest,Low,Server timeout,1,13,7,1,Normal
2024-10-13 07:54:51.772849,Login,system,Medium,Viewed public document,2,13,7,1,Normal
2024-10-13 08:21:51.772849,Access,jane_doe,Medium,Unauthorized access attempt,2,13,8,1,Normal
2024-10-13 09:10:51.772849,Login,system,Medium,File uploaded,2,13,9,1,Normal
2024-10-13 11:07:51.772849,Error,jane_doe,High,Accessed confidential file,3,13,11,1,Normal
2024-10-13 12:25:51.772849,Login,system,High,System reboot,3,13,12,1,Normal
2024-10-13 12:34:51.772849,Error,system,Low,Accessed confidential file,1,13,12,1,Normal
2024-10-13 12:39:51.772849,Access,john_doe,Medium,Failed login attempt,2,13,12,1,Normal
2024-10-13 13:28:51.772849,Error,john_doe,Medium,File deleted,2,13,13,1,Normal
2024-10-13 13:49:51.772849,Access,jane_doe,High,File uploaded,3,13,13,1,Normal
2024-10-13 14:02:51.772849,Login,admin,High,Viewed public document,3,13,14,1,Normal
2024-10-13 14:48:51.772849,Access,jane_doe,Medium,Accessed confidential file,2,13,14,1,Normal
2024-10-13 16:20:51.772849,Login,guest,Medium,Successful login,2,13,16,1,Normal
2024-10-13 16:33:51.772849,Login,john_doe,Low,Viewed public document,1,13,16,1,Normal
2024-10-13 16:58:51.772849,Error,system,Medium,Multiple failed logins detected,2,13,16,1,Normal
2024-10-13 18:26:51.772849,Error,system,Low,Multiple failed logins detected,1,13,18,1,Normal
2024-10-13 19:12:51.772849,Access,jane_doe,High,System reboot,3,13,19,1,Normal
2024-10-13 19:46:51.772849,Access,admin,Low,Server timeout,1,13,19,1,Normal
2024-10-13 19:46:51.772849,Login,guest,Low,System reboot,1,13,19,1,Normal
2024-10-13 20:13:51.772849,Login,system,High,Successful login,3,13,20,1,Normal
2024-10-13 20:42:51.772849,Error,john_doe,Low,Successful login,1,13,20,1,Normal
2024-10-13 20:57:51.772849,Login,admin,Low,File uploaded,1,13,20,1,Normal
2024-10-13 20:59:51.772849,Error,john_doe,Medium,File deleted,2,13,20,1,Normal
2024-10-13 21:16:51.772849,Login,jane_doe,High,System reboot,3,13,21,1,Normal
2024-10-13 21:26:51.772849,Error,system,Low,System reboot,1,13,21,1,Normal
2024-10-13 21:41:51.772849,Login,guest,Medium,File deleted,2,13,21,1,Normal
2024-10-13 23:02:51.772849,Login,guest,Low,System reboot,1,13,23,1,Normal
2024-10-14 00:02:51.772849,Access,jane_doe,High,Multiple failed logins detected,3,14,0,-1,Anomaly
2024-10-14 01:38:51.772849,Access,jane_doe,Low,Unauthorized access attempt,1,14,1,1,Normal
2024-10-14 03:23:51.772849,Login,guest,High,Multiple failed logins detected,3,14,3,1,Normal
2024-10-14 04:44:51.772849,Error,system,Medium,Failed login attempt,2,14,4,1,Normal
2024-10-14 05:14:51.772849,Login,jane_doe,Medium,System reboot,2,14,5,1,Normal
2024-10-14 05:15:51.772849,Login,admin,High,Accessed confidential file,3,14,5,1,Normal
2024-10-14 06:28:51.772849,Access,guest,High,Accessed confidential file,3,14,6,1,Normal
2024-10-14 07:37:51.772849,Access,system,Medium,File deleted,2,14,7,1,Normal
2024-10-14 07:58:51.772849,Access,john_doe,Low,Multiple failed logins detected,1,14,7,1,Normal
2024-10-14 08:05:51.772849,Error,jane_doe,Low,Viewed public document,1,14,8,1,Normal
2024-10-14 08:23:51.772849,Access,admin,Medium,File deleted,2,14,8,1,Normal
2024-10-14 08:28:51.772849,Access,guest,Low,Accessed confidential file,1,14,8,1,Normal
2024-10-14 09:06:51.772849,Error,john_doe,Medium,File deleted,2,14,9,1,Normal
2024-10-14 10:59:51.772849,Access,system,High,File uploaded,3,14,10,1,Normal
2024-10-14 11:10:51.772849,Login,admin,High,Accessed confidential file,3,14,11,1,Normal
2024-10-14 11:42:51.772849,Access,jane_doe,Medium,Failed login attempt,2,14,11,1,Normal
2024-10-14 12:28:51.772849,Login,admin,Low,Unauthorized access attempt,1,14,12,1,Normal
2024-10-14 13:30:51.772849,Error,john_doe,Low,Multiple failed logins detected,1,14,13,1,Normal
2024-10-14 13:56:51.772849,Access,system,Low,Multiple failed logins detected,1,14,13,1,Normal
2024-10-14 15:00:51.772849,Login,john_doe,High,Unauthorized access attempt,3,14,15,1,Normal
2024-10-14 18:08:51.772849,Access,admin,Low,Viewed public document,1,14,18,1,Normal
2024-10-14 18:34:51.772849,Login,admin,Low,Unauthorized access attempt,1,14,18,1,Normal
2024-10-14 21:18:51.772849,Access,system,High,File deleted,3,14,21,1,Normal
2024-10-14 21:25:51.772849,Access,system,Medium,Viewed public document,2,14,21,1,Normal
2024-10-14 22:13:51.772849,Access,system,Low,File uploaded,1,14,22,1,Normal
2024-10-14 22:21:51.772849,Error,jane_doe,Medium,Multiple failed logins detected,2,14,22,1,Normal
2024-10-14 23:45:51.772849,Error,system,Low,System reboot,1,14,23,1,Normal
2024-10-15 00:09:51.772849,Error,jane_doe,Low,Unauthorized access attempt,1,15,0,1,Normal
2024-10-15 00:18:51.772849,Login,system,Low,Server timeout,1,15,0,1,Normal
2024-10-15 00:29:51.772849,Login,admin,High,Unauthorized access attempt,3,15,0,-1,Anomaly
2024-10-15 01:30:51.772849,Access,john_doe,Low,System reboot,1,15,1,1,Normal
2024-10-15 01:54:51.772849,Access,admin,Low,Unauthorized access attempt,1,15,1,1,Normal
2024-10-15 02:29:51.772849,Access,jane_doe,Low,Unauthorized access attempt,1,15,2,1,Normal
2024-10-15 04:33:51.772849,Error,system,High,Unauthorized access attempt,3,15,4,1,Normal
2024-10-15 04:49:51.772849,Login,guest,High,Server timeout,3,15,4,1,Normal
2024-10-15 05:03:51.772849,Login,jane_doe,High,System reboot,3,15,5,1,Normal
2024-10-15 06:24:51.772849,Login,system,Medium,Successful login,2,15,6,1,Normal
2024-10-15 06:56:51.772849,Error,system,Medium,File uploaded,2,15,6,1,Normal
2024-10-15 07:10:51.772849,Access,guest,Medium,File deleted,2,15,7,1,Normal
2024-10-15 08:28:51.772849,Error,jane_doe,High,Successful login,3,15,8,1,Normal
2024-10-15 09:21:51.772849,Error,guest,Medium,Server timeout,2,15,9,1,Normal
2024-10-15 09:42:51.772849,Login,admin,Low,Failed login attempt,1,15,9,1,Normal
2024-10-15 11:09:51.772849,Access,john_doe,Medium,File uploaded,2,15,11,1,Normal
2024-10-15 13:10:51.772849,Access,jane_doe,Medium,Viewed public document,2,15,13,1,Normal
2024-10-15 14:35:51.772849,Login,system,Low,Server timeout,1,15,14,1,Normal
2024-10-15 14:38:51.772849,Error,system,Medium,File deleted,2,15,14,1,Normal
2024-10-15 15:11:51.772849,Error,guest,Medium,Accessed confidential file,2,15,15,1,Normal
2024-10-15 15:23:51.772849,Access,jane_doe,Low,Failed login attempt,1,15,15,1,Normal
2024-10-15 16:03:51.772849,Access,john_doe,Low,Server timeout,1,15,16,1,Normal
2024-10-15 16:10:51.772849,Error,jane_doe,Medium,Multiple failed logins detected,2,15,16,1,Normal
2024-10-15 17:43:51.772849,Error,john_doe,Medium,Multiple failed logins detected,2,15,17,1,Normal
2024-10-15 18:19:51.772849,Access,john_doe,High,Successful login,3,15,18,1,Normal
2024-10-15 18:33:51.772849,Error,admin,Medium,File uploaded,2,15,18,1,Normal
2024-10-15 19:44:51.772849,Error,jane_doe,High,Unauthorized access attempt,3,15,19,1,Normal
2024-10-15 20:15:51.772849,Error,guest,Low,Server timeout,1,15,20,1,Normal
2024-10-15 20:53:51.772849,Access,system,Low,Multiple failed logins detected,1,15,20,1,Normal
2024-10-15 21:56:51.772849,Error,system,High,Viewed public document,3,15,21,1,Normal
2024-10-15 22:30:51.772849,Access,jane_doe,Medium,Accessed confidential file,2,15,22,1,Normal
2024-10-15 23:53:51.772849,Login,system,High,Viewed public document,3,15,23,1,Normal
2024-10-15 23:59:51.772849,Access,jane_doe,Low,Server timeout,1,15,23,1,Normal
2024-10-16 02:53:51.772849,Error,system,Low,Unauthorized access attempt,1,16,2,1,Normal
2024-10-16 03:19:51.772849,Error,guest,High,Successful login,3,16,3,1,Normal
2024-10-16 03:38:51.772849,Login,guest,Low,Failed login attempt,1,16,3,1,Normal
2024-10-16 05:07:51.772849,Error,guest,Low,Accessed confidential file,1,16,5,1,Normal
2024-10-16 05:13:51.772849,Login,admin,Low,Multiple failed logins detected,1,16,5,1,Normal
2024-10-16 05:39:51.772849,Login,jane_doe,High,System reboot,3,16,5,1,Normal
2024-10-16 07:40:51.772849,Access,guest,Low,Server timeout,1,16,7,1,Normal
2024-10-16 07:40:51.772849,Error,john_doe,Low,Viewed public document,1,16,7,1,Normal
2024-10-16 07:57:51.772849,Login,john_doe,Low,File deleted,1,16,7,1,Normal
2024-10-16 08:18:51.772849,Access,john_doe,High,File uploaded,3,16,8,1,Normal
2024-10-16 09:27:51.772849,Error,guest,Medium,File uploaded,2,16,9,1,Normal
2024-10-16 09:43:51.772849,Access,admin,Low,Accessed confidential file,1,16,9,1,Normal
2024-10-16 10:08:51.772849,Login,john_doe,Medium,File uploaded,2,16,10,1,Normal
2024-10-16 11:34:51.772849,Login,guest,Medium,Accessed confidential file,2,16,11,1,Normal
2024-10-16 12:08:51.772849,Login,jane_doe,Medium,File deleted,2,16,12,1,Normal
2024-10-16 12:56:51.772849,Error,john_doe,Medium,Multiple failed logins detected,2,16,12,1,Normal
2024-10-16 13:44:51.772849,Access,system,Medium,Failed login attempt,2,16,13,1,Normal
2024-10-16 14:25:51.772849,Access,system,Low,Unauthorized access attempt,1,16,14,1,Normal
2024-10-16 15:51:51.772849,Access,system,Medium,File deleted,2,16,15,1,Normal
2024-10-16 16:10:51.772849,Access,admin,Medium,Server timeout,2,16,16,1,Normal
2024-10-16 17:28:51.772849,Login,jane_doe,Low,File uploaded,1,16,17,1,Normal
2024-10-16 17:37:51.772849,Login,guest,High,Accessed confidential file,3,16,17,1,Normal
